OrderId,CustomerId,ReadyDateTimeInfo,LocationInfo,DeliveryDateTime,EmployeeIdOfDriver,IsOffSite,ManagerNote,NumPeople,PricePerPerson,PriceAdjust,DeliveryFee,MiscFee,ServiceFeePercent,TaxPriceAdjust,NumPizzaPeople,NumSaladPeople,NumDessertPeople,PricePerPizzaPerson,PricePerSaladPerson,PricePerDessertPerson,DoughCount,DressingCount,DessertCount,KitchenPrepNote,DessertNote,LSENote
11768,23,PETE! deliver gvl garden club,1350 nw 75 street,2020-10-15 16:35:12.6950000,NULL,0,,0.00,0.00,0.00,0.00,0.00,18.00,0,20.00,20.00,20.00,8.50,2.50,2.00,NULL,NULL,NULL,NULL,NULL,NULL
12082,23,info field,,2020-10-12 11:21:26.1736018,NULL,0,,0.00,0.00,0.00,0.00,0.00,18.00,0,20.00,20.00,0.00,8.50,2.50,2.00,NULL,NULL,NULL,NULL,NULL,NULL
12083,23,test,location,2020-10-12 11:40:03.5813954,NULL,0,,0.00,0.00,0.00,0.00,0.00,18.00,0,20.00,20.00,0.00,8.50,2.50,2.00,NULL,NULL,NULL,NULL,NULL,NULL
12084,23,info,location,2020-10-12 12:13:42.8942110,NULL,0,,0.00,0.00,0.00,0.00,0.00,18.00,0,20.00,20.00,0.00,8.50,2.50,2.00,NULL,NULL,NULL,NULL,NULL,NULL
13446,23,test driver,test location,2020-10-18 13:53:23.8526285,NULL,0,,0.00,0.00,0.00,0.00,0.00,18.00,0,20.00,20.00,0.00,8.50,2.50,2.00,5,6,7,test prep notes let's make this rather long so I can test if goes off of page,,NULL
15914,24,Pete,2504 NW 24th Terr,2020-11-03 18:40:57.9330000,NULL,0,,0.00,0.00,0.00,0.00,0.00,18.00,0,20.00,20.00,0.00,8.50,2.50,2.00,5,2,,Salads in a tray,No desserts,NULL
18185,24,Pete,1111 NW 55 St/Brentwood,2020-11-18 11:25:47.3120000,NULL,0,,0.00,0.00,0.00,0.00,0.00,18.00,0,22.00,22.00,0.00,8.50,2.50,2.00,6,2,,,,NULL
18572,23,,,2020-11-15 11:51:20.7844046,NULL,0,,0.00,0.00,0.00,0.00,0.00,18.00,0,20.00,20.00,0.00,8.50,2.50,2.00,5,2,10,prep note,dessert note,NULL
22133,25,Pete/Gracy,1111 W U - Hub Lobby,2020-12-11 11:25:38.3640000,NULL,0,,0.00,0.00,0.00,0.00,0.00,18.00,0,61.76,0.00,0.00,8.50,2.50,2.00,22,0,0,11 cheese and 11 RONI cut into 12s,PIZZA ONLY                                       NO SALAD - NO DESSERT,NULL
29420,26,PETE,2390 NW 18 Place,2021-01-29 18:15:26.7960000,NULL,0,,0.00,0.00,0.00,0.00,0.00,20.00,0,33.00,27.00,0.00,8.50,2.50,2.00,12,5,0,,NO DESSERT,NULL
34299,27,Total $519 - $100 Covid Fee,Under the Plane,2021-02-19 20:20:52.6540000,NULL,0,,0.00,0.00,0.00,0.00,0.00,12.00,0,30.00,30.00,0.00,8.50,2.50,2.00,9,2,,,,NULL
35807,25,THis is just a test by joanne,,2021-02-21 14:15:42.3416437,NULL,0,,0.00,0.00,0.00,25.00,100.00,20.00,0,20.00,20.00,0.00,8.50,2.50,2.00,,,,,,NULL
35808,25,test by joanne,,2021-02-21 14:25:45.6674696,NULL,0,,0.00,0.00,0.00,25.00,100.00,20.00,0,20.00,20.00,0.00,8.50,2.50,2.00,,,,,,NULL
35809,23,test by joanne,,2021-02-21 14:27:17.7977156,NULL,0,,0.00,0.00,0.00,0.00,100.00,20.00,0,20.00,20.00,0.00,8.50,2.50,2.00,,,,,,NULL
43615,28,,PARTY BOOTH,2021-03-27 19:00:22.2310000,NULL,0,,0.00,0.00,0.00,0.00,0.00,20.00,0,10.00,10.00,1.00,8.50,2.50,40.00,2,1,"1 ","2 large pizza, 1 MFP, 2 Large Satch Salads in wood bowls - undressed",Chcocolate Cake - Wade will pipe Happy Birthday Allison on cake,NULL
48330,29,770-361-0650,PARTY BOOTH,2021-04-17 19:20:06.4000000,NULL,0,,0.00,0.00,0.00,0.00,0.00,20.00,0,12.00,12.00,12.00,8.50,2.50,2.00,4,1,25 pieces,Would like salad first - Arriving @7 eating @7:20 - serve salad in regular salad bowls - it's a booth,,NULL
48548,30,Zack H,Victoria Cottage @ Sweetwater,2021-04-15 19:00:59.3780000,NULL,0,,0.00,0.00,0.00,0.00,0.00,20.00,0,29.00,29.00,0.00,8.50,2.50,2.00,9,2,0,One small clam dish or salad with NO ONION please,,NULL
50490,31,zack,hatchetbury,2021-04-22 18:00:49.9430000,NULL,0,,0.00,0.00,0.00,0.00,0.00,20.00,0,21.00,21.00,0.00,8.50,2.50,2.00,6,2,0,Salad tray for 25pp,,NULL
50797,33,PETE,Rawlings Elementary,2021-05-04 10:20:50.2480000,NULL,0,,0.00,0.00,0.00,0.00,0.00,20.00,0,0.00,0.00,0.00,0.00,0.00,2.00,13,5,0,Two trays of salad please,,NULL
52076,35,CASHOUT AS PAYPAL Sat nite,UTP-Guests@5pm Food @5:30,2021-05-01 17:30:07.5570000,NULL,0,,0.00,0.00,0.00,0.00,0.00,20.00,0,28.00,28.00,0.00,8.50,2.50,2.00,6,2,ZERO,3 Millet and Flax - 6 Large Reg  Please Romano & FETA on side for Salad,,NULL
53899,36,Pete,Depot Park Pavilion A,2021-05-07 13:00:11.1580000,NULL,0,,0.00,0.00,0.00,0.00,0.00,20.00,0,25.00,25.00,25.00,8.50,2.50,2.00,7,2,50,,,NULL
54152,37,ALEX  215-384-3382,,2021-05-07 18:45:22.9450000,NULL,0,,0.00,0.00,0.00,0.00,0.00,20.00,0,40.00,70.00,130.00,8.50,2.50,1.00,7,6,130,7 regular - 5 MFP,130 PB bonbons,NULL
58872,38,PU Salad Tray at Noon,,2021-05-29 12:00:26.9600000,NULL,0,,0.00,0.00,0.00,0.00,0.00,20.00,0,0.00,0.00,0.00,8.50,2.50,2.00,,2,,,,NULL
58874,39,Arriving at 5 - Eating at 5:30,GREENHOUSE,2021-05-29 17:30:07.5600000,NULL,0,,0.00,0.00,0.00,0.00,0.00,20.00,0,15.00,15.00,15.00,8.50,2.50,2.00,4,1,,,30 bonbons please,NULL
63121,40,Pickup,,2021-06-15 17:30:05.6820000,NULL,0,,0.00,0.00,0.00,0.00,0.00,20.00,0,60.00,60.00,0.00,8.50,2.50,2.00,,,,,,NULL
63863,41,ZACK,2647 SW 85th Terrace,2021-06-19 17:45:29.4910000,NULL,0,,0.00,0.00,0.00,0.00,0.00,20.00,0,30.00,30.00,0.00,8.50,2.50,2.00,9,2,,,,NULL
69145,42,UF #290910000,Under The Plane,2021-07-10 17:30:24.4200000,NULL,0,,0.00,0.00,0.00,0.00,42.00,20.00,0,30.00,30.00,0.00,8.50,2.50,2.00,8,2,,,,NULL
70911,43,arrive at 6 EAT AT 6:30,UNDER THE PLANE,2021-07-17 18:30:38.8700000,NULL,0,,0.00,0.00,0.00,0.00,0.00,20.00,0,45.00,45.00,0.00,8.50,2.50,2.00,13,4,,,,NULL
75240,40,,,2021-07-29 21:29:15.1470000,NULL,0,,0.00,0.00,0.00,0.00,0.00,20.00,0,60.00,60.00,0.00,8.50,2.50,2.00,,,,,,NULL
75307,40,,,2021-07-29 21:30:39.5020000,NULL,0,,0.00,0.00,0.00,0.00,0.00,20.00,0,60.00,60.00,0.00,8.50,2.50,2.00,,,,,,NULL
75336,40,,,2021-07-29 21:30:44.5980000,NULL,0,,0.00,0.00,0.00,0.00,0.00,15.00,0,60.00,60.00,0.00,8.50,2.50,2.00,,,,,,NULL
78432,44,CANCELLED COVID,DONATION - PICKUP,2021-08-14 14:00:21.5660000,NULL,0,,0.00,0.00,0.00,0.00,0.00,20.00,0,0.00,0.00,0.00,8.50,2.50,2.00,9,,,CANCELLED,,NULL
78433,46,346-5004,PICK UP,2021-08-14 18:00:01.8660000,NULL,0,,0.00,0.00,0.00,0.00,0.00,20.00,0,15.00,15.00,0.00,8.50,2.50,2.00,4,1,,,,NULL
78465,45,407-430-9458,Under The Plane,2021-08-13 20:30:12.2690000,NULL,0,,0.00,0.00,0.00,0.00,0.00,20.00,0,30.00,30.00,30.00,8.50,2.50,2.00,7,2,60,,,NULL
81201,47,DR GIBBS TEXAS BOUND,UNDER THE PLANE,2021-08-21 19:00:07.4480000,NULL,0,,0.00,0.00,0.00,0.00,0.00,20.00,0,40.00,40.00,80.00,8.50,3.50,2.00,11,3,80,Arriving 6:30 eating 7pm,,NULL
82179,48,driver note,location,2021-08-22 11:41:00.8872949,NULL,0,,0.00,0.00,0.00,0.00,0.00,20.00,0,20.00,20.00,0.00,8.50,2.50,2.00,1,1,2,prep note,dessert note,NULL
82180,48,driver note,,2021-08-22 12:14:23.6541065,NULL,0,,0.00,0.00,0.00,0.00,0.00,20.00,0,20.00,20.00,0.00,8.50,2.50,2.00,1,1,2,,,NULL
82182,48,,,2021-08-22 12:21:14.7828778,NULL,0,,0.00,0.00,0.00,0.00,0.00,20.00,0,5.00,5.00,0.00,8.50,2.50,2.00,,,,,,NULL
82184,48,driver note,location,2021-08-22 12:38:48.2529457,NULL,0,,0.00,0.00,0.00,0.00,0.00,20.00,0,20.00,20.00,0.00,8.50,2.50,2.00,,,,,,NULL
82737,49,arriving @6:45/eat @7:15ish,PARTY BOOTH,2021-08-26 19:00:10.6300000,NULL,0,,0.00,0.00,0.00,0.00,50.00,20.00,0,12.00,12.00,12.00,8.50,2.50,2.00,4,1,25,,Bonbons and Brownies  - No cookies,NULL
86320,50,ZACK,C&G deliver in back,2021-09-14 17:30:13.4640000,NULL,0,,0.00,0.00,0.00,0.00,0.00,20.00,0,75.00,75.00,0.00,8.50,2.50,2.00,20,6,,,,NULL
86750,52,PICK UP 4:30,,2021-09-14 16:30:29.7570000,NULL,0,,0.00,0.00,0.00,0.00,0.00,20.00,0,0.00,0.00,0.00,8.50,2.50,2.00,11,,,10 small salads - packed separately with dressing on the side (4oz),,NULL
87248,53,PETE,leave at 10:55,2021-09-17 10:55:54.7090000,NULL,0,,0.00,0.00,0.00,0.00,0.00,20.00,0,25.00,25.00,0.00,8.50,2.50,2.00,7,2,,,,NULL
87436,54,PETE,UF Hough Hall,2021-09-15 16:15:30.4290000,NULL,0,,0.00,0.00,0.00,30.00,0.00,20.00,0,15.00,0.00,0.00,6.66,2.50,2.00,4,,,Just 4 large pizzas - that's it,,NULL
87437,55,352-978-4896 driving from Orlando,PARTY BOOTH - PAID PAYPAL,2021-09-17 19:45:47.6460000,NULL,0,,0.00,0.00,0.00,0.00,50.00,20.00,0,12.00,0.00,0.00,13.75,2.50,2.00,,,,"Three Satch Pans, Salad for 12, Brownies and Bonbons",24 pieces of brownies and bonbons,NULL
95310,56,805-540-9880,Pick up - 2 HOT BAGS,2021-10-15 18:00:42.1310000,NULL,0,,0.00,0.00,0.00,0.00,0.00,20.00,0,22.94,0.00,0.00,8.50,2.50,2.00,10,0,,10 PIZZAS no Salad,,NULL
96463,58,"Eat at 5:15 - ",Under The Plane 4:30-7:30,2021-10-22 17:15:14.3100000,NULL,0,,0.00,0.00,0.00,0.00,50.00,20.00,0,15.00,15.00,0.00,8.50,2.50,2.00,5,1,,,,NULL
96732,59,ZACK leave at 5:30,FLOW SPACE,2021-10-23 17:30:06.6310000,NULL,0,,0.00,0.00,0.00,0.00,0.00,20.00,0,25.00,25.00,0.00,8.50,2.50,2.00,8,2,,,,NULL
97017,60,PICK UP - UF,386-562-8738,2021-10-22 19:30:46.2990000,NULL,0,,0.00,0.00,0.00,0.00,0.00,15.00,0,20.00,0.00,0.00,8.50,2.50,2.00,7,0,,PIZZA ONLY NO SALAD,,NULL
99512,61,678-834-3855,,2021-11-02 11:15:13.4600000,NULL,0,,0.00,0.00,0.00,0.00,0.00,20.00,0,14.00,14.00,0.00,8.50,2.50,2.00,4,1,,,,NULL
99783,44,PICK UP - DONATION,,2021-11-06 14:00:54.2620000,NULL,0,,0.00,0.00,0.00,0.00,0.00,20.00,0,0.00,0.00,0.00,8.50,2.50,2.00,9,,,DONATION - no salads - just pizza,,NULL
100320,63,Laura & Liam Reh Dinner,UTP & PB prepaid Paypal cash out,2021-11-12 19:30:32.9600000,NULL,0,,0.00,0.00,0.00,0.00,0.00,20.00,0,28.00,28.00,28.00,8.50,2.50,2.00,9,2,60,,"60 pieces cookies, bonbons and brownies",NULL
101355,64,PETE - Prepaid Paypal -cash out,HIGH SPRINGS,2021-11-12 16:20:05.3800000,NULL,0,,0.00,0.00,0.00,50.00,0.00,20.00,0,60.00,60.00,0.00,8.50,2.50,2.00,17,5,,,,NULL
103270,65,PETE,Charleyene 378-2461,2021-11-19 11:15:25.1430000,NULL,0,,0.00,0.00,0.00,0.00,0.00,20.00,0,25.00,25.00,25.00,8.50,2.50,2.00,7,2,50,,50 pieces assorted desserts,NULL
103329,66,Under The Plane,Regan 281-2427,2021-11-18 18:00:44.6820000,NULL,0,,0.00,0.00,0.00,0.00,50.00,20.00,0,18.00,18.00,36.00,8.50,2.50,2.00,4,1,40,,40 pieces assorted dessert,NULL
103667,67,CONNIE PICKING UP,paying cash - cash out,2021-11-26 11:00:49.8840000,NULL,0,,0.00,0.00,0.00,0.00,0.00,20.00,0,60.00,45.00,0.00,8.50,2.50,2.00,16,4,,,,NULL
105186,69,arrive 5 eat @5:30,PartyBoothpaidPaypal cash out,2021-11-24 17:30:24.4100000,NULL,0,,0.00,0.00,0.00,0.00,50.00,20.00,0,13.00,9.20,0.00,10.00,2.50,2.00,6,,,,,NULL
106855,70,Jared 281-9535 - Principal,UTP & Party Booth,2021-12-03 18:30:35.2350000,NULL,0,,0.00,0.00,0.00,0.00,0.00,20.00,0,45.00,45.00,45.00,8.50,2.50,2.00,12,4,90,,,NULL
106933,71,PETE,1504 W U Ave,2021-12-02 17:15:55.7610000,NULL,0,,0.00,0.00,0.00,0.00,0.00,20.00,0,100.00,100.00,0.00,8.50,2.50,2.00,27,8,,,,NULL
106935,72,PETE,CASH OUT - Direct Deposit,2021-12-03 10:55:16.3140000,NULL,0,,0.00,0.00,0.00,0.00,0.00,20.00,0,30.00,30.00,30.00,8.50,2.50,2.00,9,,50,,,NULL
107568,73,PETE,Ortho,2021-12-03 10:55:28.6400000,NULL,0,,0.00,0.00,0.00,0.00,0.00,20.00,0,25.00,1.00,0.00,8.50,14.00,2.00,6,,,Just one large salad with dressing on the side.,,NULL
107792,74,under the plane,,2021-12-07 11:30:50.1100000,NULL,0,,0.00,0.00,0.00,0.00,50.00,20.00,0,12.00,12.00,0.00,8.50,2.50,2.00,4,1,,Please put salad in wood bowls no dressing thank you,,NULL
107804,75,,under the plane & party boo,2021-12-10 18:00:34.4830000,NULL,0,,0.00,0.00,0.00,0.00,150.00,20.00,0,40.00,40.00,40.00,8.50,2.50,2.00,11,3,80,,,NULL
108249,76,Persimmon Holiday Party,Under The Plane,2021-12-11 19:30:21.4500000,NULL,0,,0.00,0.00,0.00,0.00,50.00,20.00,0,20.00,20.00,20.00,8.50,2.50,2.00,5,2,40,,,NULL
108729,77,PETE,TIGERT HALL,2021-12-10 11:15:20.7320000,NULL,0,,0.00,0.00,0.00,0.00,0.00,20.00,0,15.00,15.00,15.00,9.00,3.00,2.50,4,1,30,,,NULL
110460,78,PICK UP SALAD ONLY,,2021-12-17 11:10:04.6950000,NULL,0,,0.00,0.00,0.00,0.00,0.00,10.00,0,0.00,40.00,0.00,9.00,3.00,2.50,,,,TWO TRAYS OF SALAD - will give them dressing on the side,,NULL
110468,79,PETE leaves at 11am,,2021-12-17 11:00:01.4730000,NULL,0,,0.00,0.00,0.00,0.00,0.00,20.00,0,25.00,25.00,0.00,9.00,3.00,2.50,7,2,,,,NULL
110473,80,,UNDER THE PLANE,2021-12-18 20:00:36.6910000,NULL,0,,0.00,0.00,0.00,0.00,100.00,20.00,0,15.00,10.00,0.00,9.00,3.00,2.50,5,1,,,,NULL
114488,81,ZACK - Cypress & Grove,,2022-01-07 18:15:43.9570000,NULL,0,,0.00,0.00,0.00,0.00,0.00,20.00,0,32.00,32.00,0.00,8.50,2.50,2.50,8,3,,,,NULL
120193,82,rehearsal lunch,UNDER THE PLANE,2022-01-28 14:45:16.7330000,NULL,0,,0.00,0.00,0.00,0.00,50.00,20.00,0,19.00,19.00,0.00,9.00,3.00,2.50,5,1,,,,NULL
122560,83,PETE,Kloss Olinger,2022-02-09 11:15:01.1770000,NULL,0,,0.00,0.00,0.00,0.00,0.00,20.00,0,25.00,25.00,0.00,9.00,3.00,2.50,8,,,,,NULL
125855,84,ZACK!,UF ORTHO,2022-02-17 16:50:19.9300000,NULL,0,,0.00,0.00,0.00,0.00,0.00,20.00,0,25.00,25.00,0.00,9.00,3.00,2.50,7,2,,,,NULL
125868,85,Vijay's 40th Bday,Under The Plane,2022-02-19 23:45:41.9850000,NULL,0,,0.00,0.00,0.00,0.00,100.00,20.00,0,20.00,20.00,0.00,9.00,3.00,2.50,5,2,,,,NULL
126817,86,Bus from Miami,"UTP, PB, Greenhouse",2022-02-23 17:30:06.3200000,NULL,0,,0.00,0.00,0.00,0.00,225.00,20.00,0,55.00,55.00,0.00,9.00,3.00,2.50,16,4,,,,NULL
126838,87,Travis & Miranda RD,"UTP, PB, side tables",2022-02-25 18:00:22.8720000,NULL,0,,0.00,0.00,0.00,0.00,225.00,20.00,0,45.00,45.00,45.00,8.50,2.50,2.00,12,4,100,,100 assorted desserts,NULL
127963,79,PETE!,,2022-02-25 11:15:46.6900000,NULL,0,,0.00,0.00,0.00,0.00,0.00,20.00,0,25.00,25.00,0.00,9.00,3.00,2.50,7,2,,,,NULL
128572,89,,Under The Plane,2022-02-26 19:45:09.9900000,NULL,0,,0.00,0.00,0.00,0.00,100.00,20.00,0,15.00,15.00,0.00,9.00,3.00,2.50,5,1,,,,NULL
130280,90,PETE,9264 SW 90 St,2022-03-04 17:00:56.3800000,NULL,0,,0.00,0.00,0.00,25.00,0.00,20.00,0,41.00,41.00,0.00,8.50,2.50,2.50,13,4,,No desserts,,NULL
130944,91,Tony 283-0609,Whole Shebang,2022-03-09 18:30:24.1230000,NULL,0,,0.00,0.00,0.00,0.00,275.00,20.00,0,50.00,50.00,50.00,9.00,3.00,2.00,16,4,,,NO DESSERTS - rang up $2/person for sodas/tea,NULL
131931,92,PETE!!!,1912 NW 133 Terrace,2022-03-12 17:30:14.2330000,NULL,0,,0.00,0.00,0.00,0.00,0.00,20.00,0,45.00,45.00,0.00,9.00,3.00,2.50,11,4,,,,NULL
133947,93,PETE,549 Gale Lemerand,2022-03-18 11:10:50.8280000,NULL,0,,0.00,0.00,0.00,0.00,0.00,20.00,0,35.00,35.00,35.00,9.00,3.00,2.50,11,3,70,,70 assorted desserts,NULL
133950,94,Angela Jonas,Under The Plane,2022-03-18 17:00:19.9710000,NULL,0,,0.00,0.00,0.00,0.00,150.00,20.00,0,30.00,0.00,0.00,9.00,3.00,2.50,10,,,Correct - PIZZA ONLY,,NULL
135244,95,CAYCE,Farrior Hall UF,2022-03-24 23:15:10.4930000,NULL,0,,0.00,0.00,0.00,0.00,0.00,20.00,0,20.00,20.00,0.00,9.00,3.00,2.50,5,,,,,NULL
135654,96,,Under The Plane/Party Booth,2022-03-25 19:30:25.9060000,NULL,0,,0.00,0.00,0.00,0.00,225.00,20.00,0,40.00,40.00,40.00,8.50,2.50,2.00,11,,80,,80 pieces assorted desserts,NULL
137750,97,570-840-1494,Under The Plane arrive 6:30,2022-03-31 19:00:53.9560000,NULL,0,,0.00,0.00,0.00,0.00,0.00,20.00,0,15.00,15.00,15.00,9.00,3.00,2.50,4,1,30,,Bonbons and Brownies,NULL
138731,98,?????,UF McCarthy,2022-04-02 11:20:09.7500000,NULL,0,,0.00,0.00,0.00,0.00,0.00,20.00,0,25.00,25.00,0.00,9.00,3.00,2.50,8,2,,,,NULL
139413,99,ZACK,Presley Track,2022-04-02 17:30:32.6600000,NULL,0,,0.00,0.00,0.00,0.00,0.00,20.00,0,44.00,1.00,0.00,9.00,0.00,2.50,20,,,one large Satch Salad please,,NULL
140477,100,PICK UP at 11:45am,cash out direct deposit,2022-04-09 11:45:52.7500000,NULL,0,,0.00,0.00,0.00,0.00,0.00,20.00,0,15.00,15.00,0.00,9.00,3.00,2.50,3,,,SIDE OF ANCHOVIES PLEASE,,NULL
141103,101,ZACK??,Emerson Alumni Hall UF,2022-04-14 17:10:51.3420000,NULL,0,,0.00,0.00,0.00,0.00,0.00,20.00,0,70.00,70.00,0.00,9.00,3.00,2.50,20,6,,,,NULL
141104,101,ZACK??,Emerson Alumni Hall UF,2022-04-14 17:10:51.3420000,NULL,0,,0.00,0.00,0.00,0.00,0.00,20.00,0,70.00,70.00,0.00,9.00,3.00,2.50,20,6,,,,NULL
141151,102,AVA's 16th!!!,PARTY BOOTH!,2022-04-08 12:35:55.2040000,NULL,0,,0.00,0.00,0.00,0.00,50.00,20.00,0,11.00,11.00,0.00,9.00,3.00,2.50,3,,,,,NULL
142025,103,ZACK,Cypress & Grove,2022-04-14 18:30:52.8960000,NULL,0,,0.00,0.00,0.00,0.00,0.00,20.00,0,50.00,50.00,0.00,9.00,3.00,2.50,15,4,,,,NULL
142026,104,???????,Stadium Road,2022-04-14 11:10:21.7960000,NULL,0,,0.00,0.00,0.00,0.00,0.00,20.00,0,25.00,25.00,0.00,9.00,3.00,2.50,7,2,,,,NULL
142027,105,???????,Library West,2022-04-13 14:15:42.1630000,NULL,0,,0.00,0.00,0.00,0.00,0.00,20.00,0,30.00,20.00,0.00,9.00,3.00,2.50,10,2,,,,NULL
143787,106,ZACK?,OPUS on SW 2nd Ave,2022-04-21 18:20:48.4970000,NULL,0,,0.00,0.00,0.00,0.00,0.00,20.00,0,35.00,35.00,0.00,9.00,3.00,2.50,,,,,,NULL
144304,107,PICK UP 12:30,DONATION,2022-04-20 12:30:32.6600000,NULL,0,,0.00,0.00,0.00,0.00,0.00,0.00,0,0.00,0.00,0.00,0.00,0.00,0.00,7,,,PIZZA ONLY,,NULL
144971,108,,,2022-04-21 11:10:08.9250000,NULL,0,,0.00,0.00,0.00,0.00,0.00,20.00,0,30.00,30.00,0.00,9.00,3.00,2.50,,,,,,NULL
147152,109,"Pizza, Salad and Dessert",Party Booth & Side tables,2022-04-30 13:45:37.8070000,NULL,0,,0.00,0.00,0.00,0.00,50.00,20.00,0,18.00,18.00,18.00,9.00,3.00,2.50,7,,40,Please place the 2 large salads in large wood bowls with tongs for service,"Brownies, Bon Bons and Cookies",NULL
147153,116,"Pizza, Salad and Sodas",Under The Plane,2022-04-30 14:45:58.9260000,NULL,0,,0.00,0.00,0.00,0.00,100.00,20.00,0,20.00,20.00,20.00,9.00,3.00,2.00,6,2,,,Bringing own cake and stuff for cake,NULL
147156,112,"Pizza, Salad, Desserts",Under The Plane,2022-04-30 17:30:58.2470000,NULL,0,,0.00,0.00,0.00,0.00,175.00,20.00,0,17.00,17.00,17.00,9.00,3.00,2.50,6,,45,PAID FOR A SERVER - put beverages on tab and run it at end of night,"cookies, bonbons and brownies",NULL
147588,114,Pizza and Salad,Under the Plane,2022-04-28 12:45:25.9040000,NULL,0,,0.00,0.00,0.00,0.00,100.00,20.00,0,13.00,13.00,0.00,9.00,3.00,2.50,4,,,,,NULL
147733,115,ZACK,340 NW 17th Street,2022-04-30 17:30:54.4100000,NULL,0,,0.00,0.00,0.00,0.00,0.00,20.00,0,20.00,15.00,0.00,9.00,3.00,2.50,6,,,,,NULL
148980,117,BRIAN,5020 SW 30 Lane,2022-05-03 12:10:57.3010000,NULL,0,,0.00,0.00,0.00,0.00,0.00,20.00,0,90.00,90.00,0.00,9.00,3.00,2.50,25,6,,,,NULL
148981,118,BRIAN/WADE,1615 NW 80 Blvd,2022-05-06 11:15:32.4170000,NULL,0,,0.00,0.00,0.00,30.00,150.00,20.00,0,169.10,52.00,0.00,5.00,4.00,2.50,,,,,,NULL
149575,119,ZACK,114 Fletcher Hall,2022-05-03 16:55:26.7500000,NULL,0,,0.00,0.00,0.00,0.00,0.00,20.00,0,20.00,20.00,0.00,9.00,3.00,2.50,5,,,,,NULL
149648,120,Under the Plane,,2022-05-07 17:30:50.2120000,NULL,0,,0.00,0.00,0.00,0.00,100.00,20.00,0,15.00,15.00,0.00,9.00,3.00,2.50,4,1,,"Bringing own cake, etc.",,NULL
151241,36,driver note,under the plane,2022-05-08 19:07:14.0133413,NULL,0,,0.00,0.00,0.00,0.00,0.00,20.00,0,20.00,20.00,0.00,9.00,3.00,2.50,2,2,3,notes about kitchen prep not sure about this,Dessert note that go on for a bit let's see what happens,Here are some LSE notes.  Let's see what happens
151245,36,,,2022-05-08 20:11:24.2215283,NULL,0,,0.00,0.00,0.00,0.00,0.00,20.00,0,20.00,20.00,0.00,9.00,3.00,2.50,,,10,,,
153124,36,,,2022-05-15 12:42:32.9902308,NULL,0,,0.00,0.00,0.00,0.00,0.00,20.00,0,20.00,20.00,0.00,9.00,3.00,2.50,,,20,,,
153240,121,ASHBY,Austin Cary,2022-05-19 11:10:32.8970000,NULL,0,,0.00,0.00,0.00,0.00,0.00,20.00,0,50.00,50.00,0.00,9.00,3.00,2.50,10,4,,,,
153242,122,,UTP and Party Booth,2022-05-21 16:30:23.5870000,NULL,0,,0.00,0.00,0.00,0.00,150.00,20.00,0,30.00,30.00,0.00,9.00,3.00,0.00,9,2,,,,Paying for own drinks - no tab
154545,124,rehearsal dinner,UTP & PB,2022-05-27 17:30:43.7460000,NULL,0,,0.00,0.00,0.00,0.00,150.00,20.00,0,30.00,30.00,0.00,9.00,3.00,2.50,9,2,,,,
157152,46,BRIAN,Springhill,2022-06-03 11:15:44.3730000,NULL,0,,0.00,0.00,0.00,0.00,0.00,20.00,0,25.00,25.00,0.00,9.00,3.00,2.50,7,2,,,,
157153,125,ZACK???,3126 NW 62 Terrace,2022-06-07 18:15:50.2380000,NULL,0,,0.00,0.00,0.00,0.00,0.00,20.00,0,60.00,60.00,0.00,9.00,3.00,2.50,16,5,,,,
157914,126,ASHBY,Austin Cary,2022-06-08 23:20:04.8960000,NULL,0,,0.00,0.00,0.00,0.00,0.00,20.00,0,15.00,25.00,0.00,9.00,3.00,2.50,8,2,,,,
157919,127,GRACY,2035 NW 13 Street,2022-06-08 11:30:53.1020000,NULL,0,,0.00,0.00,0.00,0.00,0.00,20.00,0,20.00,20.00,20.00,9.00,3.00,2.50,6,2,40,,Brownies and Bonbons please,
157930,128,party 7:30-10,UTP & Party BOoth,2022-06-10 19:30:27.5080000,NULL,0,,0.00,0.00,0.00,0.00,150.00,20.00,0,24.00,24.00,24.00,9.00,3.00,2.50,7,2,50,,,OPEN BAR TAB PLEASE
161408,129,SATCHEL RAYE,deliver at 11am,2022-06-29 11:00:10.8640000,NULL,0,,0.00,0.00,0.00,0.00,0.00,0.00,0,0.00,0.00,0.00,9.00,3.00,2.50,11,4,,,,
161728,130,Jessi,Under The Plane,2022-06-28 13:00:37.7700000,NULL,0,,0.00,0.00,0.00,0.00,100.00,20.00,0,26.00,26.00,0.00,9.00,3.00,2.50,8,2,,,,"OPEN BAR TAB wine, beer and soda"
161729,131,,UNDER THE PLANE,2022-06-24 19:45:26.2950000,NULL,0,,0.00,0.00,0.00,0.00,100.00,20.00,0,23.00,23.00,23.00,9.00,3.00,2.50,7,2,50,,,
161731,131,813-785-7092,UTP,2022-06-29 19:15:37.6740000,NULL,0,,0.00,0.00,0.00,0.00,100.00,20.00,0,16.00,16.00,16.00,9.00,3.00,2.50,5,2,40,,,guests get their own ddrinks
162626,103,ZACK,UF ORTHO 34th,2022-06-22 17:10:33.9190000,NULL,0,,0.00,0.00,0.00,0.00,0.00,20.00,0,25.00,25.00,0.00,9.00,3.00,2.50,7,2,,,,
162645,132,PICK UP JERNIE,DONATION,2022-06-23 11:30:22.5400000,NULL,0,,0.00,0.00,0.00,0.00,0.00,0.00,0,0.00,0.00,0.00,9.00,3.00,2.50,10,3,,,,
162648,133,Todd (son),WHOLE SHEBANG,2022-06-25 17:00:50.6800000,NULL,0,,0.00,0.00,0.00,0.00,275.00,20.00,0,50.00,50.00,50.00,9.00,3.00,4.50,13,4,100,,,SODAS included - Guests buy their own alcohol
162925,134,GRACY,DONATION,2022-06-23 17:30:23.8810000,NULL,0,,0.00,0.00,0.00,0.00,0.00,0.00,0,0.00,0.00,0.00,9.00,3.00,2.50,,,,TWO TRAYS OF SALAD,,
163276,135,CANCELLED - RAIN,CANCELLED _ RAIN,2022-06-25 19:45:16.3510000,NULL,0,,0.00,0.00,0.00,0.00,225.00,20.00,0,37.00,37.00,0.00,9.00,3.00,2.50,11,3,,They will want pizza at 7:45 - hungry softball players,,Guests pay for all their beverages
164557,136,PICKUP,"Scott Burton ",2022-06-30 21:00:53.1920000,NULL,0,,0.00,0.00,0.00,0.00,0.00,20.00,0,50.00,50.00,0.00,9.00,3.00,2.50,18,5,,,,
168902,137,Gracy,Cypress & Grove,2022-07-16 11:15:07.4830000,NULL,0,,0.00,0.00,0.00,0.00,0.00,10.00,0,26.00,31.00,0.00,9.00,3.00,2.50,11,,,,,
169194,73,Leave at 11:30,UF Ortho,2022-07-14 11:30:52.8830000,NULL,0,,0.00,0.00,0.00,0.00,0.00,20.00,0,25.00,25.00,0.00,9.00,3.00,2.50,7,2,,3 Large Salads in one tray,,
169646,138,Wade Brian,Florida Credit Union,2022-07-15 11:11:31.5470000,NULL,0,,0.00,0.00,0.00,30.00,0.00,20.00,0,100.00,100.00,0.00,10.00,2.96,2.50,38,,,,,
170674,139,PICK UP,PICK UP at 4pm,2022-07-20 16:00:27.9180000,NULL,0,,0.00,0.00,0.00,0.00,0.00,15.00,0,50.00,25.00,0.00,9.00,3.00,2.50,15,2,,One tray of salad,,
171303,40,PICK UP SCOTT,352-317-5693,2022-07-28 21:00:19.5600000,NULL,0,,0.00,0.00,0.00,0.00,0.00,20.00,0,50.00,50.00,0.00,0.00,0.00,0.00,17,4,,,,
172130,140,CHRIS,6621 NW 41 Place,2022-07-30 16:40:56.3750000,NULL,0,,0.00,0.00,0.00,0.00,0.00,20.00,0,30.00,30.00,0.00,9.00,3.00,2.50,9,2,,,,
172967,141,407-760-2578,Lightnin Salvage - inside,2022-07-30 11:20:52.8160000,NULL,0,,0.00,0.00,0.00,0.00,0.00,20.00,0,20.00,20.00,20.00,9.00,3.00,2.00,6,1,,,,Rosalyn arriving at 10:45 to set tables up - Gracy will help
173366,142,BRIAN,1104 Newell Dr,2022-08-05 11:00:46.8190000,NULL,0,,0.00,0.00,0.00,0.00,0.00,20.00,0,50.00,0.00,0.00,9.00,3.00,2.50,14,0,,Just PIZZAS no SALAD,,
173651,143,BRIAN,BRAIN INSTITUTE,2022-08-02 11:00:45.9910000,NULL,0,,0.00,0.00,0.00,0.00,0.00,20.00,0,40.00,40.00,0.00,9.00,3.00,2.50,11,3,,,,
174652,79,GRACY,Springhill,2022-08-05 23:20:02.8590000,NULL,0,,0.00,0.00,0.00,0.00,0.00,20.00,0,25.00,25.00,0.00,9.00,3.00,2.50,7,2,,,,
174654,25,ZACK,416 NE 3rd Ave,2022-08-05 17:30:17.9520000,NULL,0,,0.00,0.00,0.00,0.00,0.00,20.00,0,20.00,20.00,0.00,9.00,3.00,2.50,6,2,,,,
175340,144,BRIAN,UF Law School,2022-08-10 11:15:20.3100000,NULL,0,,0.00,0.00,0.00,0.00,0.00,20.00,0,55.00,55.00,0.00,9.00,3.00,2.50,16,4,,,,
176250,145,Star,Under The Plane & Party BOoth,2022-08-13 17:00:30.5700000,NULL,0,,0.00,0.00,0.00,0.00,175.00,20.00,0,25.00,25.00,0.00,9.00,3.00,2.50,7,2,,MIGHT WANT FOOD EARLIER THAN 5pm - maybe check!,,"BRINGING OWN CAKE - PAYING FOR A SERVER 4-7pm - get people wine, beer, soda - put it on tab"
176762,146,,,2022-08-09 12:30:29.3800000,NULL,0,,0.00,0.00,0.00,0.00,0.00,20.00,0,20.00,20.00,0.00,9.00,3.00,2.50,,,,,,
177079,147,BRIAN,1104 Newell Drive,2022-08-16 11:00:56.7580000,NULL,0,,0.00,0.00,0.00,0.00,0.00,20.00,0,50.00,0.00,0.00,9.00,3.00,2.50,14,0,,PIZZA ONLY - NO SALAD,,
178735,148,352-317-2705,"Under the Plane, Party Booth",2022-08-16 17:15:40.5020000,NULL,0,,0.00,0.00,0.00,0.00,150.00,20.00,0,40.00,40.00,0.00,9.00,3.00,2.50,11,3,,Arriving @5pm - maybe salad first and stagger pizzas,,
180559,107,DONATION PICK UP,Kevin 352-278-5318,2022-08-25 16:15:40.5220000,NULL,0,,0.00,0.00,0.00,0.00,0.00,0.00,0,40.00,40.00,0.00,0.00,0.00,0.00,10,2,,,,
180560,107,PICK UP DONATION,Kevin pick up 3:45,2022-08-24 15:45:40.6810000,NULL,0,,0.00,0.00,0.00,0.00,0.00,0.00,0,0.00,0.00,0.00,9.00,3.00,2.50,,,,,,
181881,149,BRIAN,1104 NEwell Drive,2022-08-31 11:00:27.4600000,NULL,0,,0.00,0.00,0.00,0.00,0.00,20.00,0,50.00,0.00,0.00,9.00,3.00,2.50,14,,,NO SALAD,,
182160,150,PICK UP at 6pm,PICK UP,2022-08-27 18:00:10.4020000,NULL,0,,0.00,0.00,0.00,0.00,0.00,20.00,0,25.00,0.00,0.00,9.00,3.00,2.50,11,,,JUST PIZZA NO SALAD,,
182166,151,ashby,Weimer Hall,2022-09-01 11:50:43.7160000,NULL,0,,0.00,0.00,0.00,0.00,0.00,20.00,0,25.00,0.00,0.00,9.00,3.00,2.50,8,,,NO SALAD,,
183838,153,UNDER THE PLANE,PartyBusRodeo16thBday,2022-09-02 21:30:52.1240000,NULL,0,,0.00,0.00,0.00,0.00,100.00,20.00,0,25.00,25.00,25.00,9.00,3.00,2.50,7,2,,They are supposed to arrive at 9:30,NO DESSERTS,16th bday party - Mom might want a beverage SODAS included in cater tab
184190,154,PICK UP,DONATION,2022-09-07 11:15:42.9920000,NULL,0,,0.00,0.00,0.00,0.00,0.00,0.00,0,0.00,0.00,0.00,0.00,0.00,0.00,5,1,,,,
184195,154,PICK UP,DONATION,2022-09-07 11:15:22.1320000,NULL,0,,0.00,0.00,0.00,0.00,0.00,20.00,0,0.00,0.00,0.00,9.00,3.00,2.50,5,1,,,,
185313,155,BRIAN,McKnight Institute,2022-09-08 12:20:35.8000000,NULL,0,,0.00,0.00,0.00,0.00,0.00,20.00,0,20.00,20.00,0.00,9.00,3.00,2.50,5,2,,,,
185575,156,Gracy,Harrell UF,2022-09-13 11:15:07.2300000,NULL,0,,0.00,0.00,0.00,0.00,0.00,20.00,0,35.00,35.00,0.00,9.00,3.00,2.50,10,,,,,
187194,108,PICK UP at 11:30,,2022-09-14 23:30:28.9750000,NULL,0,,0.00,0.00,0.00,0.00,0.00,15.00,0,16.00,8.00,0.00,9.00,3.00,2.50,4,1,,,,
187204,149,Brian,1104 Newell,2022-09-16 11:00:28.4090000,NULL,0,,0.00,0.00,0.00,0.00,0.00,20.00,0,50.00,0.00,0.00,9.00,3.00,2.50,14,,,,,
187442,157,BRIAN,201 SE 2nd Ave,2022-09-20 11:20:42.5640000,NULL,0,,0.00,0.00,0.00,0.00,0.00,20.00,0,50.00,50.00,0.00,9.00,3.00,2.50,14,4,,,,
187506,158,ZACK?! - let me know,1885 Stadium/Weimer Hall,2022-09-14 17:10:37.7240000,NULL,0,,0.00,0.00,0.00,0.00,0.00,20.00,0,28.89,10.00,0.00,9.00,3.00,2.50,12,1,,,,
188748,157,Brian,201 SE 2nd Ave,2022-09-20 11:20:30.9100000,NULL,0,,0.00,0.00,0.00,0.00,0.00,20.00,0,50.00,50.00,0.00,9.00,3.00,2.50,14,4,,,,
189263,159,Brian - CASH OUT DD,Springhill,2022-09-23 11:15:39.3850000,NULL,0,,0.00,0.00,0.00,0.00,0.00,20.00,0,25.00,25.00,0.00,9.00,3.00,2.50,7,2,,,,
189911,149,BRIAN,NEWELL,2022-10-14 11:00:21.8210000,NULL,0,,0.00,0.00,0.00,0.00,0.00,20.00,0,50.00,0.00,0.00,9.00,3.00,2.50,15,,,NO SALAD - PIZZA ONLY,,
193322,160,brian,across the street UF,2022-10-11 11:05:41.8660000,NULL,0,,0.00,0.00,0.00,0.00,0.00,20.00,0,15.00,15.00,15.00,9.00,3.00,2.50,4,1,30,Put two large salads in a tray and I will give you a bottle of dressing and tongs to wrap in the tray off to the side,Just brownies and bonbons,
195227,161,BRIAN - dropping 2nd,Ustler Hall,2022-10-14 11:00:19.5920000,NULL,0,,0.00,0.00,0.00,0.00,0.00,20.00,0,30.00,30.00,0.00,9.00,3.00,2.50,5,2,,5 Millet & Flax Pizzas,,
195244,162,BRIAN,Brain Institute UF,2022-10-13 12:25:03.1170000,NULL,0,,0.00,0.00,0.00,0.00,0.00,20.00,0,30.00,30.00,30.00,9.00,3.00,2.50,9,2,60,,,
195554,163,,Under The Plane,2022-10-14 17:30:18.7990000,NULL,0,,0.00,0.00,0.00,0.00,100.00,20.00,0,14.00,14.00,14.00,11.85,3.00,2.50,4,1,30,,,
198034,164,,UTP,2022-10-22 19:30:03.3440000,NULL,0,,0.00,0.00,0.00,0.00,100.00,20.00,0,25.00,20.00,0.00,9.00,3.00,2.50,7,,,,,
198035,165,,UF,2022-10-25 11:15:44.4800000,NULL,0,,0.00,0.00,0.00,0.00,0.00,20.00,0,40.00,40.00,0.00,9.00,3.00,2.50,12,,,,,
199285,167,PICK UP at 5:45,205-557-0863,2022-10-27 17:45:03.9330000,NULL,0,,0.00,0.00,0.00,0.00,0.00,15.00,0,9.00,0.00,0.00,9.00,3.00,2.50,4,,,NO SALAD - just 4 pizzas,,
199286,103,ZACK??!!,First Magnitude,2022-10-27 17:15:50.9890000,NULL,0,,0.00,0.00,0.00,0.00,0.00,20.00,0,50.00,50.00,0.00,9.00,3.00,2.50,16,5,,,,
199416,169,Ed & Marcia,"UTP,Greenhouse, all of it",2022-10-27 18:30:41.9860000,NULL,0,,0.00,0.00,0.00,0.00,275.00,20.00,0,52.00,203.00,52.00,9.00,3.00,2.50,14,4,100,,"cookies, brownies, bonbons and an entire chocolate cake please","Preordered wine, beer and sodas - there is a separate note"
199754,170,BRIAN,NEWELL,2022-10-28 11:00:44.6790000,NULL,0,,0.00,0.00,0.00,0.00,0.00,20.00,0,50.00,0.00,0.00,9.00,3.00,2.50,15,,,NO SALAD,,
199981,171,PICK UP,5pm here,2022-11-04 17:00:49.1430000,NULL,0,,0.00,0.00,0.00,0.00,0.00,15.00,0,30.00,30.00,30.00,9.00,3.00,2.50,10,3,60,,,
200079,173,UTP,,2022-10-28 17:15:26.8860000,NULL,0,,0.00,0.00,0.00,0.00,50.00,20.00,0,25.00,25.00,0.00,9.00,3.00,2.50,7,2,,,,
201323,155,Brian,McKnight,2022-11-03 12:15:58.6100000,NULL,0,,0.00,0.00,0.00,0.00,0.00,20.00,0,20.00,20.00,20.00,9.00,3.00,2.50,5,2,40,,Brownies and Bonbons,
201346,175,Charity & Lou's Baby,UTP & Party Booth,2022-11-05 11:35:57.8000000,NULL,0,,0.00,0.00,0.00,0.00,150.00,20.00,0,41.00,41.00,41.00,9.00,3.00,2.50,11,4,85,,,"RUN A TAB IN LSE FOR DRINKS ""Charity & Lou's friends"""
201803,176,Brian? Satchel?,Reitz Union,2022-11-04 10:45:29.2000000,NULL,0,,0.00,0.00,0.00,0.00,0.00,20.00,0,122.22,0.00,0.00,9.00,3.00,2.50,37,,,Cut Larges into 6s - Cut vegan and MFP into 8s = 232 pieces - Trying to leave here by 10:45/10:55 - NO SALAD,,
202102,177,PICK UP,DONATION,2022-11-05 13:45:10.5510000,NULL,0,,0.00,0.00,0.00,0.00,0.00,20.00,0,0.00,0.00,0.00,9.00,3.00,2.50,10,,,DONATION,,
202236,178,352-316-3483,Under The Plane,2022-11-09 18:30:54.8640000,NULL,0,,0.00,0.00,0.00,0.00,100.00,20.00,0,17.00,20.00,10.00,9.00,3.00,2.50,5,,20,,ten bonbons/ten brownie bites,"One drink ticket per person wine, beer or soda - add 2 tab thru menu/drinks"
202622,140,CANCELLED,IT IS ALL CANCELLED,2022-11-09 11:45:34.7560000,NULL,0,,0.00,0.00,0.00,0.00,0.00,15.00,0,0.00,0.00,0.00,9.00,3.00,2.50,16,4,,,,
203236,179,HIllary,Under The Plane,2022-11-11 17:30:49.5810000,NULL,0,,0.00,0.00,0.00,0.00,100.00,20.00,0,30.00,30.00,0.00,9.00,3.00,2.50,9,3,,,,Guests buy their own drinks - no bar tab
203314,180,Brian,Dentistry School,2022-11-10 11:00:32.5670000,NULL,0,,0.00,0.00,0.00,0.00,0.00,20.00,0,27.00,0.00,0.00,9.00,3.00,2.50,10,,,NO SALAD,,
203594,181,Under The Plane,Carolina 917-355-2504,2022-11-12 14:30:33.5600000,NULL,0,,0.00,0.00,0.00,0.00,100.00,20.00,0,30.00,25.00,0.00,9.00,3.00,2.50,8,2,,,should be bringing own cake,"RUN a bar tab! to add drinks go in menu, then drinks!"
204119,170,Brian,Newell,2022-11-18 11:00:37.8280000,NULL,0,,0.00,0.00,0.00,0.00,0.00,20.00,0,50.00,0.00,0.00,9.00,3.00,2.50,15,,,NO SALAD,,
204131,182,PICK UP DONATION,Tamara picking up,2022-11-18 13:45:43.1790000,NULL,0,,0.00,0.00,0.00,0.00,0.00,0.00,0,0.00,0.00,0.00,9.00,3.00,2.50,10,,,NO SALAD,,
204159,183,PICK UP 4:45,352-284-1811,2022-11-12 16:45:21.2200000,NULL,0,,0.00,0.00,0.00,0.00,0.00,15.00,0,21.00,0.00,0.00,9.00,3.00,2.50,8,,,NO SALAD,,
205327,184,Brian,1600 SW Archer Rd,2022-11-16 11:10:01.7870000,NULL,0,,0.00,0.00,0.00,0.00,0.00,20.00,0,35.00,35.00,0.00,9.00,3.00,2.50,10,2,,,,
205537,185,PICK UP ANNA DONATION,910-894-3441,2022-11-16 17:45:56.2630000,NULL,0,,0.00,0.00,0.00,0.00,0.00,0.00,0,0.00,0.00,0.00,9.00,3.00,2.50,5,,,CATER CUT PLEASE - NO SALAD,,
205605,186,Erienne,Cypress & Grove,2022-11-18 17:30:59.8800000,NULL,0,,0.00,0.00,0.00,0.00,0.00,20.00,0,90.00,90.00,0.00,9.00,3.00,2.50,24,6,,,,
206018,187,UNDER THE PLANE,D 954-815-2607,2022-11-23 18:00:58.2440000,NULL,0,,0.00,0.00,0.00,0.00,100.00,20.00,0,14.00,14.00,0.00,9.00,3.00,2.50,4,1,,,,
206286,138,Brian/Satchel?,Florida Credit Union,2022-11-25 11:10:40.1270000,NULL,0,,0.00,0.00,0.00,30.00,0.00,20.00,0,128.00,120.67,0.00,9.00,3.00,2.50,33,8,,Two reg cut slices in each box                  4 trays of salad                                         Satchel will fill indiv dressings,,
207238,188,Brian,Purvis Gray,2022-11-22 11:30:07.7210000,NULL,0,,0.00,0.00,0.00,0.00,0.00,15.00,0,13.00,2.00,0.00,9.00,3.00,2.50,,,,,,
208904,189,ZACK!,Weimer Hall,2022-11-30 17:10:58.8690000,NULL,0,,0.00,0.00,0.00,0.00,0.00,20.00,0,16.00,16.00,0.00,9.00,2.98,2.50,6,1,,,,
208925,190,BRIAN,Springhill,2022-12-02 11:15:45.3120000,NULL,0,,0.00,0.00,0.00,0.00,0.00,20.00,0,25.00,25.00,0.00,9.00,3.00,2.50,7,2,,,,
209124,70,"UTP, Party Booth, etc",Jared 352-281-9535,2022-12-09 19:45:21.3970000,NULL,0,,0.00,0.00,0.00,0.00,250.00,20.00,0,45.00,45.00,45.00,9.00,3.00,2.50,12,4,100,,,
209179,191,PICK UP,PICK UP SARA,2022-12-01 11:00:34.3130000,NULL,0,,0.00,0.00,0.00,0.00,0.00,15.00,0,30.00,30.00,0.00,9.00,3.00,2.50,11,3,,,,
209756,66,"Under The Plane, etc",,2022-12-08 11:30:29.8950000,NULL,0,,0.00,0.00,0.00,0.00,150.00,20.00,0,50.00,50.00,50.00,9.00,3.00,2.50,14,5,100,,"cookies, bonbons and brownies please",Guests buy their own drinks  - no bar tab
209761,170,BRIAN,HArrell Med Bldg,2022-12-09 11:00:49.7500000,NULL,0,,0.00,0.00,0.00,0.00,0.00,20.00,0,50.00,0.00,0.00,9.00,3.00,2.50,13,0,,NO SALAD,,
210704,192,"Bonnie ",UTP,2022-12-10 20:00:59.4500000,NULL,0,,0.00,0.00,0.00,0.00,100.00,20.00,0,20.00,20.00,20.00,9.00,3.00,2.50,6,1,45,,,OPEN BAR TAB - PERSIMMON
210888,193,PICK UP - cash out due dir dep,352-478-1705,2022-12-09 11:15:48.7550000,NULL,0,,0.00,0.00,0.00,0.00,0.00,15.00,0,15.00,15.00,0.00,9.00,3.00,2.50,4,1,,,,
211243,194,Gracy,,2022-12-10 11:30:16.6900000,NULL,0,,0.00,0.00,0.00,0.00,0.00,15.00,0,11.00,11.00,0.00,9.00,3.00,2.50,4,1,,,,
211244,195,DONATION UF Horticulture,PICK UP,2022-12-09 11:44:56.6340000,NULL,0,,0.00,0.00,0.00,0.00,0.00,0.00,0,0.00,0.00,0.00,9.00,3.00,2.50,6,,,NO SALAD,,
211245,203,Browning to pay ask Satch,615-838-6931,2022-12-14 11:00:03.4400000,NULL,0,,0.00,0.00,0.00,0.00,0.00,15.00,0,24.00,19.00,0.00,9.00,3.00,2.50,9,2,,,,
211246,197,859-333-1656,,2022-12-13 11:15:31.4900000,NULL,0,,0.00,0.00,0.00,0.00,0.00,15.00,0,20.00,20.00,0.00,9.00,3.00,2.50,6,1,,,,
211253,198,,,2022-12-08 11:16:30.4972258,NULL,0,,0.00,0.00,0.00,0.00,150.00,20.00,0,50.00,50.00,50.00,9.00,3.00,2.50,,,,,,
211414,204,CHRIS,Due from DD - cash out please,2022-12-14 16:45:36.9200000,NULL,0,,0.00,0.00,0.00,0.00,0.00,20.00,0,30.00,30.00,0.00,9.00,3.00,2.50,8,2,,,,
211416,200,TOSS the PREVIOUS TIX please,Due from DD,2022-12-15 23:45:43.6870000,NULL,0,,0.00,0.00,0.00,0.00,150.00,20.00,0,30.00,30.00,30.00,9.00,3.00,4.00,9,2,70,,,NO BAR TAB - iced tea and lemonade included
212840,201,BRIAN,Erienne cash out card in box,2022-12-14 11:20:13.3540000,NULL,0,,0.00,0.00,0.00,0.00,0.00,20.00,0,18.00,18.00,0.00,9.00,3.00,2.50,5,1,,,,
212878,202,Party Booth 2-5p,,2022-12-17 14:30:52.1230000,NULL,0,,0.00,0.00,0.00,0.00,50.00,20.00,0,12.00,12.00,12.00,9.00,3.00,2.50,3,1,25,,,
212934,205,greenhouse,long table 7:30-10,2022-12-17 20:00:24.9380000,NULL,0,,0.00,0.00,0.00,0.00,75.00,20.00,0,12.00,12.00,12.00,9.00,3.00,3.00,4,1,,,THEY WANT EIGHT CANNOLIS PLEASE,
214979,206,Steve Raye,DONATION for BROWNING,2022-12-23 23:55:43.3210000,NULL,0,,0.00,0.00,0.00,0.00,0.00,0.00,0,0.00,0.00,0.00,9.00,3.00,2.50,,,,,,
215742,207,PICK UP,Let her borrow 2 bags,2022-12-23 17:30:45.6560000,NULL,0,,0.00,0.00,0.00,0.00,0.00,15.00,0,25.00,25.00,0.00,9.00,3.00,2.50,10,2,,,,
217078,208,352-278-1244,Under The Plane,2022-12-29 17:45:47.2800000,NULL,0,,0.00,0.00,0.00,0.00,100.00,20.00,0,30.00,30.00,0.00,9.00,3.00,2.50,10,2,,,,RUN A BAR TAB m- will get pitchers and bottles
217453,209,Under the Plane,DO ART,2022-12-30 17:30:26.6170000,NULL,0,,0.00,0.00,0.00,0.00,50.00,20.00,0,15.00,15.00,0.00,9.00,3.00,2.50,4,1,,,,
218462,210,UNDER THE PLANE,352-222-1750,2023-01-07 19:45:53.7130000,NULL,0,,0.00,0.00,0.00,0.00,100.00,20.00,0,20.00,20.00,20.00,9.00,3.00,2.50,6,2,40,I cannot get rid of veggie pizzas and one roni/sausage - adjusted to 6 pizzas COVID strikes again!,,RUN A BAR TAB
219062,211,ZACK,First Magnitude,2023-01-12 16:40:15.9660000,NULL,0,,0.00,0.00,0.00,0.00,0.00,20.00,0,50.00,50.00,50.00,9.00,3.00,2.50,14,4,100,,,
220751,212,ZACK,J school,2023-01-11 16:30:02.4400000,NULL,0,,0.00,0.00,0.00,0.00,0.00,20.00,0,24.00,24.00,0.00,9.00,3.00,2.50,10,2,,,,
220819,213,PICK UP,RING UP DIRECT DEPOSIT,2023-01-13 11:00:56.6390000,NULL,0,,0.00,0.00,0.00,0.00,0.00,20.00,0,10.00,0.00,0.00,9.00,3.00,2.50,3,1,,,,
222898,162,Brian,McKnight,2023-01-19 12:15:34.9240000,NULL,0,,0.00,0.00,0.00,0.00,0.00,20.00,0,20.00,20.00,20.00,9.00,3.00,2.50,6,1,40,,Brownies and Bonbons,
223673,214,Kyson's 7th BDAY,UNDER THE PLANE,2023-01-21 14:30:54.8580000,NULL,0,,0.00,0.00,0.00,0.00,100.00,20.00,0,20.00,0.00,0.00,9.00,3.00,2.50,6,0,,,,
225139,215,"BRIAN ",Newell   CASH OUT Due DD,2023-01-31 11:15:22.8220000,NULL,0,,0.00,0.00,0.00,0.00,0.00,20.00,0,35.00,25.00,0.00,9.00,3.00,2.50,11,2,,,,
225768,170,Brian,HarrellUF,2023-01-27 11:00:31.2600000,NULL,0,,0.00,0.00,0.00,0.00,0.00,20.00,0,50.00,0.00,0.00,9.00,3.00,2.50,13,,,NO SALAD PIZZA ONLY,,
226341,216,SERVER NEEDED,WHOLE SHEBANG,2023-02-04 14:30:02.9040000,NULL,0,,0.00,0.00,0.00,0.00,275.00,20.00,0,50.00,50.00,50.00,9.00,3.00,2.50,16,4,125,,,Bottles and Pitchers - cut it off at $240
227179,217,BRIAN?,NEWELL,2023-02-02 12:15:27.1500000,NULL,0,,0.00,0.00,0.00,0.00,0.00,20.00,0,20.00,20.00,20.00,9.00,3.00,2.50,5,1,45,,Brownies and Bonbons,
227442,218,CHRIS!!!,Cypress& Grove,2023-02-10 18:10:53.6140000,NULL,0,,0.00,0.00,0.00,0.00,0.00,20.00,0,40.00,40.00,0.00,9.00,3.00,2.50,12,3,,,,
227504,219,PICK UP,"11:30 ",2023-02-02 23:30:55.2350000,NULL,0,,0.00,0.00,0.00,0.00,0.00,15.00,0,0.00,30.00,0.00,9.00,3.00,2.50,,,,"TWO TRAYS OF SALAD THAT""S IT",,
227825,220,Brian/Satchel,1615 NW 80 Blvd,2023-02-10 11:00:31.3000000,NULL,0,,0.00,0.00,0.00,30.00,0.00,20.00,0,153.00,90.00,0.00,9.00,3.00,2.50,38,,,153 individual boxes   100 portions of salad dressing in ramekins   4 trays of salad,,
229192,103,ZACK,UF ORTHO 34th Street,2023-02-09 17:00:03.5860000,NULL,0,,0.00,0.00,0.00,0.00,0.00,20.00,0,25.00,25.00,0.00,9.00,3.00,2.50,7,2,,,,
229210,221,GRACY,Law School,2023-02-09 11:15:27.5980000,NULL,0,,0.00,0.00,0.00,0.00,0.00,20.00,0,25.00,25.00,25.00,9.00,3.00,2.50,7,,60,,Brownies and Bonbons,
229213,50,ZACK  WADE HAS CC INFO,HOUGH HALL,2023-02-08 19:15:36.4130000,NULL,0,,0.00,0.00,0.00,0.00,0.00,20.00,0,40.00,40.00,0.00,9.00,3.00,2.50,12,3,,2 salad trays please,,
230334,222,WADE DELETE THIS PLEASE,40 people - Pizza Only,2023-02-17 20:15:27.4600000,NULL,0,,0.00,0.00,0.00,0.00,200.00,20.00,0,40.00,0.00,0.00,9.00,3.00,2.50,12,0,,,,GUESTS BUY THEIR OWN DRINKS
231719,223,BRIAN,UF across the street,2023-02-21 11:05:24.8520000,NULL,0,,0.00,0.00,0.00,0.00,0.00,20.00,0,30.00,30.00,0.00,9.00,3.00,2.50,10,2,,,,
231720,170,BRIAN,Harrell Medical Bldg,2023-02-22 11:00:25.1360000,NULL,0,,0.00,0.00,0.00,0.00,0.00,20.00,0,50.00,0.00,0.00,9.00,3.00,2.50,13,,,NO SALAD PIZZA ONLY,,
231721,224,GRACY,720 BLDG,2023-02-22 11:20:56.4550000,NULL,0,,0.00,0.00,0.00,0.00,0.00,20.00,0,30.00,30.00,0.00,9.00,3.00,2.50,11,,,,,
231813,225,PICK UP @5:30,407-399-4196,2023-02-16 17:30:09.5100000,NULL,0,,0.00,0.00,0.00,0.00,0.00,15.00,0,32.22,0.00,0.00,9.00,3.00,2.50,,,,"PIZZAS ONLY ",,
232093,23,BRIAN,Austin Carey,2023-02-23 11:10:01.5060000,NULL,0,,0.00,0.00,0.00,0.00,0.00,20.00,0,30.00,30.00,30.00,9.00,3.00,2.50,9,2,,,,
232109,83,BRIAN,Florida Gym,2023-02-24 11:15:48.2010000,NULL,0,,0.00,0.00,0.00,0.00,0.00,20.00,0,125.00,0.00,0.00,9.00,3.00,2.50,,,,NO SALAD PIZZA ONLY,,
233700,217,BRIAN,McKnight Brain,2023-02-23 12:15:49.7940000,NULL,0,,0.00,0.00,0.00,0.00,0.00,20.00,0,20.00,20.00,20.00,9.00,3.00,2.50,5,1,45,,Bonbons and Brownies,
234105,89,Project Makeover,UTP and Party Booth,2023-02-25 20:00:03.4960000,NULL,0,,0.00,0.00,0.00,0.00,100.00,20.00,0,30.00,30.00,0.00,9.00,3.00,2.50,8,2,,,,Guests buy own drinks
234752,226,ZACK?,Newell,2023-03-01 16:45:38.6220000,NULL,0,,0.00,0.00,0.00,0.00,0.00,20.00,0,40.00,40.00,0.00,9.00,3.00,2.50,11,2,,,,
236073,217,BRIAN,Newell McKnight,2023-03-02 12:15:39.4720000,NULL,0,,0.00,0.00,0.00,0.00,0.00,20.00,0,20.00,20.00,20.00,9.00,3.00,2.50,6,2,45,,Bonbons and Brownies,
238675,227,Brian,,2023-03-09 11:15:54.8600000,NULL,0,,0.00,0.00,0.00,0.00,0.00,20.00,0,25.00,25.00,0.00,9.00,3.00,2.50,7,2,,,,
239123,228,Gracy,Norman Hall,2023-03-10 11:25:01.8390000,NULL,0,,0.00,0.00,0.00,0.00,0.00,20.00,0,40.00,40.00,0.00,9.00,3.00,2.50,11,2,,,,
241720,231,THIS DID NOT HAPPEN,GO AWAY GO AWAY,2023-03-24 19:30:47.3910000,NULL,0,,0.00,0.00,0.00,0.00,275.00,20.00,0,40.00,40.00,40.00,9.00,3.00,2.50,11,3,90,,,
243481,230,RHOIDS & PI KAPPS,UNDER THE PLANE,2023-03-25 20:00:22.9340000,NULL,0,,0.00,0.00,0.00,0.00,100.00,20.00,0,23.00,23.00,0.00,9.00,3.00,2.50,9,2,,,,GUESTS PURCHASE OWN DRINKS
245929,162,Brian,UF Newell,2023-03-30 12:15:58.9330000,NULL,0,,0.00,0.00,0.00,0.00,0.00,20.00,0,20.00,20.00,20.00,9.00,3.00,2.50,6,,40,,,
246276,221,Brian,Law School,2023-03-31 11:30:26.4100000,NULL,0,,0.00,0.00,0.00,0.00,0.00,20.00,0,25.00,25.00,25.00,9.00,3.00,2.50,7,2,50,,Bonbons and Brownies,
246280,232,BRIAN,STADIUM ROAD,2023-03-31 12:15:59.3170000,NULL,0,,0.00,0.00,0.00,0.00,0.00,20.00,0,25.00,25.00,0.00,9.00,3.00,2.50,7,2,,,,
246286,103,ZACK?!?!?,First Magnitude,2023-04-05 18:00:08.6210000,NULL,0,,0.00,0.00,0.00,0.00,0.00,20.00,0,50.00,50.00,0.00,9.00,3.00,2.50,14,6,,,,
247121,233,ZACK?!?!?!?,J SCHOOL,2023-04-04 17:30:17.9610000,NULL,0,,0.00,0.00,0.00,0.00,0.00,20.00,0,30.00,30.00,0.00,9.00,3.00,2.50,9,2,,,,
248317,217,Brian/Gracy,Newell - McKnight,2023-04-06 12:15:43.5350000,NULL,0,,0.00,0.00,0.00,0.00,0.00,20.00,0,25.00,25.00,25.00,9.00,3.00,2.50,7,2,50,,Oatmeal cookies and bonbons only - wanted vegan and gluten free THANKS,
248632,234,Chris?Aiden?Wade?Amanda?HELP!,BOXCAR at DEPOT,2023-04-08 16:00:54.5340000,NULL,0,,0.00,0.00,0.00,0.00,0.00,20.00,0,60.00,60.00,0.00,9.00,3.00,2.50,20,6,,E HAS PAYMENT INFO,E HAS PAYMENT INFO,
249306,238,PICK UP,,2023-04-15 11:15:03.4710000,NULL,0,,0.00,0.00,0.00,0.00,0.00,15.00,0,25.00,25.00,0.00,9.00,3.00,2.50,9,2,,,,
251250,236,PICK UP,CASH OUT DUE FROM DD,2023-04-14 17:45:38.5310000,NULL,0,,0.00,0.00,0.00,0.00,0.00,15.00,0,14.50,0.00,0.00,9.00,3.00,2.50,4,,,,,
251336,237,BRIAN,WEIMER HALL,2023-04-14 11:15:55.4480000,NULL,0,,0.00,0.00,0.00,0.00,0.00,20.00,0,14.00,0.00,0.00,10.00,3.00,2.50,6,,,NO SALAD,,
253351,239,BRIAN,Hampton Inn Downtown,2023-04-21 12:00:27.5300000,NULL,0,,0.00,0.00,0.00,0.00,0.00,20.00,0,35.00,35.00,35.00,9.00,3.00,2.50,10,3,80,,BROWNIES AND BONBONS,
253366,170,BRIAN,Newell,2023-04-26 11:00:09.5390000,NULL,0,,0.00,0.00,0.00,0.00,0.00,20.00,0,50.00,0.00,0.00,9.00,3.00,2.50,13,,,JUST PIZZA NO SALAD,,
253374,240,CHRIS?,stadium,2023-04-26 16:50:27.7880000,NULL,0,,0.00,0.00,0.00,0.00,0.00,20.00,0,30.00,30.00,30.00,9.00,3.00,2.50,13,5,120,,,
253380,241,UNDER THE PLANE,,2023-04-27 20:00:29.1510000,NULL,0,,0.00,0.00,0.00,0.00,100.00,20.00,0,30.00,30.00,0.00,9.00,3.00,2.50,9,2,,,,GUESTS BUY OWN DRINKS
253681,242,UTP & Party Booth,Rehearsal Dinner,2023-04-28 20:00:25.2880000,NULL,0,,0.00,0.00,0.00,0.00,225.00,20.00,0,30.00,30.00,0.00,9.00,3.00,2.50,9,3,,,,DESIGNATED SERVER NEEDED TO RUN PITCHERS OF BEER
253728,243,GRACY,UF,2023-04-22 13:00:54.5640000,NULL,0,,0.00,0.00,0.00,0.00,0.00,20.00,0,35.00,35.00,0.00,9.00,3.00,2.50,14,4,,,,
254107,244,GRACY,CANCER CENTER,2023-04-26 14:10:11.1450000,NULL,0,,0.00,0.00,0.00,0.00,0.00,20.00,0,20.00,20.00,20.00,9.00,3.00,2.50,5,1,40,,BROWNIES ONLY,
255216,245,PICK UP,Cater Pick up,2023-04-27 11:15:04.5660000,NULL,0,,0.00,0.00,0.00,0.00,0.00,15.00,0,25.00,25.00,0.00,9.00,3.00,2.50,,,,,,
255286,246,GRACY,Lake Wauburg,2023-04-27 16:15:15.7470000,NULL,0,,0.00,0.00,0.00,0.00,0.00,20.00,0,35.00,35.00,0.00,9.00,3.00,2.50,10,3,,,,
256297,247,Gracy,SW GVL,2023-05-03 12:30:48.1040000,NULL,0,,0.00,0.00,0.00,0.00,0.00,20.00,0,25.00,0.00,0.00,9.00,3.00,2.50,8,,,PIZZA ONLY,,
256328,248,PICK UP 6;45 Tuesday,,2023-05-02 18:45:05.7400000,NULL,0,,0.00,0.00,0.00,0.00,0.00,15.00,0,20.78,0.00,32.00,9.00,3.00,2.50,9,,,,No desserts - this charge is for gallon jugs of soda,
256768,249,BRIAN?,Cypress Lodge Lake Wauberg,2023-05-04 11:15:39.7710000,NULL,0,,0.00,0.00,0.00,0.00,0.00,20.00,0,65.00,65.00,0.00,9.00,3.00,2.50,19,5,,,,
256769,250,PARTY BOOTH,DONOVAN FAMILY,2023-05-05 17:30:18.9410000,NULL,0,,0.00,0.00,0.00,0.00,50.00,20.00,0,12.00,12.00,12.00,9.00,3.00,2.50,4,,30,,Brownies and BONBONS,
256770,251,UNDER THE PLANE,Valerie Graduation,2023-05-06 20:00:55.3400000,NULL,0,,0.00,0.00,0.00,0.00,100.00,20.00,0,25.00,20.00,40.00,9.00,3.00,2.50,7,,50,,brownies & bonbons,
257403,46,GRACY,SPRINGHILL DERM,2023-05-05 23:15:35.7460000,NULL,0,,0.00,0.00,0.00,0.00,0.00,20.00,0,25.00,25.00,0.00,9.00,3.00,2.50,7,2,,,,
257821,252,Brian,Austin Carey,2023-05-06 12:32:27.2490000,NULL,0,,0.00,0.00,0.00,0.00,0.00,20.00,0,18.00,18.00,18.00,9.00,3.00,2.50,4,2,20,,Brownies and BonBONs,
260677,170,BRIAN,NEWELL,2023-05-19 11:00:58.9940000,NULL,0,,0.00,0.00,0.00,0.00,0.00,20.00,0,35.00,0.00,0.00,9.00,3.00,2.50,10,,,PIZZA ONLY,,
260748,253,Graduation,UNDER THE PLANE,2023-05-19 15:30:31.8180000,NULL,0,,0.00,0.00,0.00,0.00,100.00,20.00,0,20.00,20.00,20.00,9.00,3.00,2.50,5,1,45,,brownies and bonbons,guests buy their own drinks
261035,254,CHRIS!,Cypress & Grove,2023-05-17 16:45:18.3000000,NULL,0,,0.00,0.00,0.00,0.00,0.00,20.00,0,25.00,25.00,25.00,9.00,3.00,2.50,7,2,60,CASH OUT DUE FROM DIRECT DEPOSIT,brownies and bonbons,
263262,255,ZACK/CHRIS,First United Methodist NE 1st Street,2023-05-23 17:45:26.7860000,NULL,0,,0.00,0.00,0.00,0.00,0.00,20.00,0,40.00,40.00,40.00,9.00,3.00,2.50,,,90,,,
263453,256,Simon's HS Graduation,Entire Party Space,2023-05-24 17:45:00.6160000,NULL,0,,0.00,0.00,0.00,0.00,275.00,20.00,0,45.00,45.00,0.00,9.00,3.00,2.50,13,4,100,,,
263459,257,REhearsal Dinner,Entire Party Space,2023-05-25 16:25:18.8160000,NULL,0,,0.00,0.00,0.00,0.00,275.00,20.00,0,37.00,37.00,37.00,9.00,3.00,5.50,11,2,80,,,
263463,258,Jon & Juliet pre-wedding,Under The Plane,2023-05-27 17:00:09.3780000,NULL,0,,0.00,0.00,0.00,0.00,100.00,20.00,0,16.00,16.00,16.00,9.00,3.00,2.50,3,1,35,,brownies and bonbons,RUN A BAR TAB
264604,259,CASH OUT Direct Deposit,PICK UP IN LSE,2023-05-24 19:15:37.8480000,NULL,0,,0.00,0.00,0.00,0.00,0.00,20.00,0,14.00,10.00,0.00,10.00,3.00,2.50,5,,,,,
264996,260,BRIAN,Cypress & Grove party room,2023-06-02 18:20:15.8020000,NULL,0,,0.00,0.00,0.00,0.00,0.00,20.00,0,27.00,44.00,0.00,9.00,3.00,2.50,7,3,,,,
265340,261,Graduation party 7p-10p,ENTIRE PARTY AREA,2023-06-02 20:00:57.6840000,NULL,0,,0.00,0.00,0.00,0.00,350.00,20.00,0,45.00,45.00,45.00,9.00,3.00,3.00,13,,,No desserts,,
266707,262,BRIAN,Austin Cary,2023-06-06 11:15:39.4500000,NULL,0,,0.00,0.00,0.00,30.00,0.00,20.00,0,45.00,45.00,0.00,10.00,4.00,2.50,12,3,,,,
266768,263,BRIAN?,EHS cafeteria,2023-06-02 15:25:42.9290000,NULL,0,,0.00,0.00,0.00,30.00,0.00,20.00,0,30.00,0.00,0.00,10.00,3.00,2.50,9,,,SALAD ONLY,,
268606,264,Brian/Gracy,Springhill,2023-06-09 11:15:44.5750000,NULL,0,,0.00,0.00,0.00,0.00,0.00,20.00,0,25.00,25.00,0.00,10.00,4.00,2.50,7,2,,,,
268957,265,Danielle!,Newell,2023-06-13 11:10:07.3210000,NULL,0,,0.00,0.00,0.00,0.00,0.00,20.00,0,52.00,70.00,0.00,10.00,4.00,2.50,14,5,,,,
270254,266,BRIAN,2700 NW 43 St Suite A,2023-06-14 11:27:12.6500000,NULL,0,,0.00,0.00,0.00,30.00,0.00,20.00,0,25.00,25.00,0.00,10.00,4.00,2.50,9,3,,,,
272973,267,GRACY,RING OUT DIRECT DEPOSIT,2023-06-22 12:10:31.7460000,NULL,0,,0.00,0.00,0.00,0.00,0.00,20.00,0,35.00,35.00,35.00,10.00,4.00,2.50,9,3,80,,,
273055,268,GRACY,,2023-06-21 23:30:32.7940000,NULL,0,,0.00,0.00,0.00,30.00,0.00,20.00,0,25.00,25.00,0.00,10.00,4.00,2.50,7,2,,,,
273469,170,Brian/Gracy,Newell,2023-06-29 11:00:29.1920000,NULL,0,,0.00,0.00,0.00,0.00,0.00,20.00,0,60.00,0.00,0.00,10.00,3.00,2.50,16,,,,,
273474,140,Brian,way out 39th,2023-07-01 15:00:50.8800000,NULL,0,,0.00,0.00,0.00,30.00,0.00,20.00,0,20.00,20.00,0.00,10.00,4.00,2.50,6,2,,,,
278157,269,BRIAN?!,McKnight,2023-07-13 12:00:54.7400000,NULL,0,,0.00,0.00,0.00,0.00,0.00,20.00,0,35.00,35.00,35.00,10.00,4.00,2.50,9,3,80,,,
281450,270,PICK up,DONATION,2023-07-20 11:30:50.3120000,NULL,0,,0.00,0.00,0.00,0.00,0.00,0.00,0,0.00,0.00,0.00,9.00,3.00,2.50,9,2,,,,
282904,170,BRIAN!,Harrell Med,2023-07-26 11:00:15.3740000,NULL,0,,0.00,0.00,0.00,0.00,0.00,20.00,0,50.00,0.00,0.00,10.00,3.00,2.50,14,,,,,
282916,271,Zack? Chris?,Cypress and Grove,2023-07-26 17:00:03.9000000,NULL,0,,0.00,0.00,0.00,0.00,0.00,20.00,0,28.00,0.00,0.00,10.00,3.00,2.50,7,,,,,
285560,190,BRIAN,Springhill,2023-08-04 11:20:32.9310000,NULL,0,,0.00,0.00,0.00,0.00,0.00,20.00,0,25.00,25.00,0.00,10.00,4.00,2.50,7,2,,,,
291343,272,BRIAN,GRU 4747 N Main Street,2023-08-17 23:15:29.9710000,NULL,0,,0.00,0.00,0.00,0.00,0.00,20.00,0,20.00,20.00,0.00,10.00,4.00,2.50,6,2,,,,
291759,170,BRIAN?!?!,NEWELL,2023-08-25 11:00:18.3190000,NULL,0,,0.00,0.00,0.00,0.00,0.00,20.00,0,50.00,0.00,0.00,10.00,3.00,2.50,13,,,NO SALAD,,
292540,273,BRIAN?!,Newell,2023-08-24 12:15:34.6560000,NULL,0,,0.00,0.00,0.00,0.00,0.00,20.00,0,20.00,20.00,20.00,10.00,4.00,2.50,6,2,45,,BROWNIES AND BONBONS,
293116,274,CHRIS DELIVER,2902 SW 75th Street,2023-08-23 17:15:51.6160000,NULL,0,,0.00,0.00,0.00,30.00,0.00,20.00,0,50.00,0.00,0.00,10.00,3.00,2.50,12,,,NO SALAD,,
294180,275,PICK UP @5:30,,2023-08-25 17:30:46.3590000,NULL,0,,0.00,0.00,0.00,0.00,0.00,10.00,0,11.25,0.00,0.00,10.00,3.00,2.50,5,,,PIZZA ONLY,,
296375,276,BRIAN,ODOME,2023-09-09 13:00:48.6010000,NULL,0,,0.00,0.00,0.00,30.00,0.00,20.00,0,35.00,35.00,0.00,10.00,4.00,2.50,11,2,,,,
298258,156,BRIAN,352-594-4328,2023-09-14 11:15:04.7650000,NULL,0,,0.00,0.00,0.00,0.00,0.00,20.00,0,40.00,30.00,0.00,10.00,4.00,2.50,9,,,,,
299730,277,BRIAN,McKnight,2023-09-14 12:15:49.3690000,NULL,0,,0.00,0.00,0.00,0.00,0.00,20.00,0,25.00,25.00,25.00,10.00,4.00,2.50,7,2,50,,Bon Bons and Vegan Cookies please,
299967,278,CHRIS,TBD or a pickup,2023-09-15 17:45:05.4680000,NULL,0,,0.00,0.00,0.00,30.00,0.00,15.00,0,50.00,50.00,0.00,10.00,4.00,2.50,14,4,,,,
299969,276,BRIAN,ODOME,2023-09-09 13:00:09.8080000,NULL,0,,0.00,0.00,0.00,30.00,0.00,20.00,0,35.00,35.00,0.00,10.00,4.00,2.50,,,,,,
300384,170,BRIAN?,NEWELL,2023-09-20 11:00:00.2060000,NULL,0,,0.00,0.00,0.00,0.00,0.00,20.00,0,50.00,0.00,0.00,10.00,3.00,2.50,14,,,NO SALAD,,
300391,279,SAVANNAH,Radio Road,2023-09-22 14:25:02.3260000,NULL,0,,0.00,0.00,0.00,0.00,0.00,20.00,0,60.00,60.00,0.00,10.00,4.00,2.50,17,5,,,,
300734,280,PICK UP,Titus 727-902-6645,2023-09-21 11:15:00.8290000,NULL,0,,0.00,0.00,0.00,0.00,0.00,20.00,0,10.00,0.00,0.00,10.25,3.00,2.50,,,,,,
301882,273,BRIAN? - due from DD,McKnight,2023-09-21 12:12:08.3030000,NULL,0,,0.00,0.00,0.00,0.00,0.00,20.00,0,20.00,20.00,20.00,10.00,4.00,2.50,6,2,45,,Brownies and Oatmeal Cookies (vegan option),
303584,217,BRIAN?,McKnight,2023-09-28 12:15:39.9170000,NULL,0,,0.00,0.00,0.00,0.00,0.00,20.00,0,20.00,20.00,20.00,10.00,4.00,2.50,6,2,45,,bonbons and oatmeal cookies,
304431,281,BRIAN,Heavener Hall,2023-09-29 11:00:11.6100000,NULL,0,,0.00,0.00,0.00,0.00,0.00,20.00,0,112.00,0.00,120.00,10.00,3.00,2.50,27,0,150,PIZZA AND DESSERTS ONLY,Cookies and Brownies,
307198,283,PICKUP 2 TRAYS SALAD,,2023-10-12 11:00:26.7180000,NULL,0,,0.00,0.00,0.00,0.00,0.00,0.00,0,0.00,0.00,0.00,9.00,3.00,2.50,0,3,,DONATION TWO TRAYS OF SALAD,,
308521,71,Gracy,Mowry,2023-10-10 00:20:19.9750000,NULL,0,,0.00,0.00,0.00,0.00,0.00,20.00,0,40.00,40.00,0.00,10.00,4.00,2.50,11,4,,,,
309178,284,PAY AT PICK UP,PIZZA ONLY - PICK UP,2023-10-14 11:15:31.7130000,NULL,0,,0.00,0.00,0.00,0.00,0.00,20.00,0,25.00,0.00,0.00,10.00,3.00,2.50,7,,,,,
309189,285,BRIAN,Across the street,2023-10-17 11:10:54.4900000,NULL,0,,0.00,0.00,0.00,0.00,0.00,20.00,0,30.00,30.00,0.00,10.00,4.00,2.50,10,2,,,,
309190,271,CHRIS,Cypress & Grove,2023-10-17 16:50:20.8990000,NULL,0,,0.00,0.00,0.00,0.00,0.00,20.00,0,20.00,0.00,0.00,10.00,3.00,2.50,6,,,PIZZA ONLY,,
309193,286,BRIAN,Springhill,2023-10-20 11:20:30.4800000,NULL,0,,0.00,0.00,0.00,0.00,0.00,20.00,0,25.00,25.00,0.00,9.00,3.00,2.50,7,2,,,,
309464,273,BRIAN,McKnight,2023-10-19 12:20:14.4310000,NULL,0,,0.00,0.00,0.00,0.00,0.00,20.00,0,20.00,20.00,20.00,10.00,4.00,2.50,6,2,45,,BONBONS (GF)  and OATMEAL COOKIES (VEGAN),
310663,103,CHRIS? ZACK? GRACY?,FIRST MAGNITUDE,2023-10-25 18:15:24.7010000,NULL,0,,0.00,0.00,0.00,0.00,0.00,20.00,0,50.00,50.00,0.00,10.00,4.00,2.50,14,5,,,,
311780,287,pick up,picking and paying,2023-10-20 15:30:18.7040000,NULL,0,,0.00,0.00,0.00,0.00,0.00,15.00,0,0.00,32.00,0.00,9.00,4.00,2.50,0,4,,,,
312193,288,Rehearsal DInner - SERVER!!,PARTY SPACE OUT BACK,2023-10-27 20:00:52.7650000,NULL,0,,0.00,0.00,0.00,0.00,275.00,20.00,0,40.00,40.00,40.00,10.00,4.00,2.50,12,3,90,,"Cookies, Bonbons and Brownies","OPEN BAR TAB -Beer, Wine and Sodas John will pay tab and cater bill "
312211,289,ALLI'S bDAY bASH,under the plane,2023-10-28 17:00:58.1900000,NULL,0,,0.00,0.00,0.00,0.00,100.00,20.00,0,20.00,20.00,0.00,10.00,4.00,2.50,5,1,,,,
312794,290,BRIAN -dessert,MCKNIGHT - brains,2023-10-26 12:20:32.9000000,NULL,0,,0.00,0.00,0.00,0.00,0.00,20.00,0,20.00,20.00,20.00,10.00,4.00,2.50,5,1,50,,Oatmeal Cookies (vegan) Bonbons (GF),
313509,291,Satchel/Gracy,RAWLINGS elementary,2023-11-01 13:20:15.2500000,NULL,0,,0.00,0.00,0.00,0.00,0.00,0.00,0,0.00,0.00,0.00,0.00,0.00,0.00,,,,,,
313886,293,BRIAN,UF on WALDO,2023-10-31 11:45:07.9200000,NULL,0,,0.00,0.00,0.00,0.00,0.00,20.00,0,20.00,0.00,0.00,10.00,3.00,2.50,,,,,,
313887,296,BRIAN,NEWELL,2023-11-03 11:00:36.8510000,NULL,0,,0.00,0.00,0.00,0.00,0.00,20.00,0,50.00,0.00,0.00,10.00,3.00,2.50,12,,,,,
314874,294,ZACK -cash out due from DD,UF ORTHO - 34th & HULL,2023-11-02 16:50:19.6390000,NULL,0,,0.00,0.00,0.00,0.00,0.00,20.00,0,50.00,50.00,0.00,10.00,4.00,2.50,14,5,,,,
315168,297,PICK UP,PICK UP,2023-11-03 14:30:00.8070000,NULL,0,,0.00,0.00,0.00,0.00,45.00,20.00,0,25.00,30.00,20.00,10.00,4.00,2.50,,,40,,oatmeal cookies and bonbons  and ONE WHOLE CHOCOLATE CAKE,
315181,298,BRIAN,NEWELL _ McKnight,2023-11-02 12:15:37.7010000,NULL,0,,0.00,0.00,0.00,0.00,0.00,20.00,0,30.00,30.00,30.00,10.00,4.00,2.50,7,3,65,,Oatmeal COokies and Bonbons,
317318,280,BRIAN,Orange Lot Law School,2023-11-15 23:10:52.4730000,NULL,0,,0.00,0.00,0.00,0.00,0.00,20.00,0,50.00,0.00,50.00,10.00,3.00,2.50,15,,100,PIZZA AND DESSERT NO SALAD,"cookies, bonbons, brownies",
323289,300,BRIAN,Newell,2023-11-30 12:15:06.3520000,NULL,0,,0.00,0.00,0.00,0.00,0.00,20.00,0,30.00,30.00,30.00,9.00,3.00,2.50,8,2,70,,"Cookies (some oatmeal for vegan), bonbons, brownies THANKS!",
323903,301,BRIAN?GRACY,HPNP Center Drive,2023-11-30 11:20:17.2690000,NULL,0,,0.00,0.00,0.00,0.00,0.00,20.00,0,25.00,0.00,25.00,10.00,3.00,2.50,7,0,50,NO SALAD,,
323934,302,PICK UP,DONATION,2023-12-07 11:30:47.8540000,NULL,0,,0.00,0.00,0.00,0.00,0.00,20.00,0,0.00,0.00,0.00,9.00,3.00,2.50,3,,,,,
325322,303,Gracy,UF gym,2023-12-07 12:15:13.8640000,NULL,0,,0.00,0.00,0.00,0.00,0.00,20.00,0,25.00,25.00,0.00,10.00,4.00,2.50,7,2,,,,
326212,304,BRIAN DUE from DD,UF on Waldo,2023-12-13 14:54:32.5000000,NULL,0,,0.00,0.00,0.00,0.00,0.00,20.00,0,20.00,20.00,0.00,10.00,4.00,2.50,6,2,,,,
326214,162,PICK UP DONATION,Howard Bishop,2023-12-14 11:10:51.5780000,NULL,0,,0.00,0.00,0.00,0.00,0.00,20.00,0,0.00,0.00,0.00,9.00,3.00,2.50,0,,,THREE LARGE SALAD TRAYS ONLY THIS IS A DONATION,,
326227,305,"BRIAN ",FCU training fort clarke rd,2023-12-14 23:20:27.3920000,NULL,0,,0.00,0.00,0.00,0.00,0.00,20.00,0,20.00,20.00,20.00,10.00,4.00,2.50,6,2,45,,Assorted cookies please,
326231,306,Gracy due from DD,,2023-12-14 11:55:29.7300000,NULL,0,,0.00,0.00,0.00,0.00,0.00,20.00,0,20.00,20.00,0.00,10.00,4.00,2.50,5,2,,,,
326238,307,GRACY& MIKE,Swamp Head Brew,2023-12-15 17:20:48.2170000,NULL,0,,0.00,0.00,0.00,30.00,0.00,20.00,0,45.00,45.00,45.00,10.00,4.00,2.50,12,4,100,,"cookies, bonbons, brownies",
326970,308,Brian/Gracy Due from DD,Keene Faculty Center,2023-12-12 13:30:42.8430000,NULL,0,,0.00,0.00,0.00,0.00,0.00,20.00,0,25.00,25.00,0.00,10.00,4.00,4.00,7,2,,,,
328803,309,Chris/Zack/Brian,FIRST MAGNITUDE,2023-12-19 18:15:46.1550000,NULL,0,,0.00,0.00,0.00,0.00,0.00,20.00,0,39.00,20.00,0.00,10.00,4.00,2.50,9,1,,,,
329330,62,PICK UP,"PIck up ",2023-12-22 21:00:23.7880000,NULL,0,,0.00,0.00,0.00,0.00,0.00,20.00,0,28.00,0.00,0.00,10.00,3.00,2.50,8,,,,,
329844,154,PICK UP,,2023-12-22 11:15:26.4510000,NULL,0,,0.00,0.00,0.00,0.00,0.00,20.00,0,0.00,0.00,0.00,9.00,3.00,2.50,,,,,,
335432,311,BRIAN,SPringhill,2024-01-12 11:20:17.2280000,NULL,0,,0.00,0.00,0.00,0.00,0.00,20.00,0,25.00,25.00,0.00,10.00,4.00,2.50,7,2,,,,
335775,312,BRIAN?,McKnight,2024-01-11 00:20:26.1540000,NULL,0,,0.00,0.00,0.00,0.00,0.00,20.00,0,20.00,20.00,20.00,10.00,4.00,2.50,6,1,45,,"choc chip cookies, brownies and bonbons please",
337681,313,PICKING THIS UP,AUSTIN 319-573-8900,2024-01-12 12:00:46.1420000,NULL,0,,0.00,0.00,0.00,0.00,0.00,20.00,0,25.00,0.00,0.00,10.00,3.00,2.50,,,,,,
337898,314,GRACY,Emerson,2024-01-17 18:55:11.4190000,NULL,0,,0.00,0.00,0.00,0.00,0.00,20.00,0,20.00,25.00,0.00,10.00,4.00,2.50,7,,,,,
339396,273,BRIAN - cash out DD,McKnight,2024-01-18 12:20:45.1680000,NULL,0,,0.00,0.00,0.00,0.00,0.00,20.00,0,20.00,20.00,20.00,10.00,4.00,2.50,6,1,50,,"choc chip, brownies and bonbons please",
340093,170,BRIAN - due from UF DD,NEWELL,2024-01-26 11:00:52.6550000,NULL,0,,0.00,0.00,0.00,0.00,0.00,20.00,0,50.00,0.00,0.00,10.00,0.00,2.50,11,,,,,
340565,170,BRIAN due from DD cashout,NEWELL,2024-01-26 11:00:17.8690000,NULL,0,,0.00,0.00,0.00,0.00,0.00,20.00,0,50.00,0.00,0.00,10.00,3.00,2.50,11,,,,,
341175,315,BRIAN - Due for DD UF,DENTAL SCHOOL,2024-01-25 11:15:22.5940000,NULL,0,,0.00,0.00,0.00,0.00,0.00,20.00,0,30.00,30.00,30.00,10.00,4.00,2.50,8,2,70,,"cookies, bonbons, brownies",
341442,273,BRIAN due from DDcashout,McKnigh,2024-01-25 00:15:11.2700000,NULL,0,,0.00,0.00,0.00,0.00,0.00,20.00,0,20.00,20.00,20.00,10.00,4.00,2.50,6,1,45,,"Oatmeal raisin cookies, brownies and bonbons (need GF and vegan options)",
341443,316,Gracy,Foresight Construction,2024-01-26 11:20:01.7300000,NULL,0,,0.00,0.00,0.00,0.00,0.00,20.00,0,45.00,25.00,45.00,10.00,4.00,2.50,12,2,100,,,
342173,103,Chris/Zack due DDcashout,UF Ortho,2024-02-01 17:20:14.5180000,NULL,0,,0.00,0.00,0.00,0.00,0.00,20.00,0,25.00,25.00,0.00,10.00,4.00,2.50,8,2,,,,
342177,317,Brian due fromDD cashout,Dauer Hall,2024-02-02 11:30:03.5680000,NULL,0,,0.00,0.00,0.00,0.00,0.00,20.00,0,25.00,0.00,0.00,10.00,3.00,2.50,8,,,,,
343594,318,Brian/Gracy cashout DD,Heavener,2024-02-02 11:00:42.3700000,NULL,0,,0.00,0.00,0.00,0.00,0.00,20.00,0,90.00,90.00,96.00,10.00,4.00,2.50,22,8,200,,BROWNIES AND COOKIES,
345129,319,Brian/Gracy,Lake Wauburg,2024-02-09 11:15:18.4890000,NULL,0,,0.00,0.00,0.00,30.00,0.00,20.00,0,75.00,75.00,0.00,10.00,4.00,2.50,18,4,,,,
345130,320,Brian/Gracy,Depot event space,2024-02-10 14:10:27.1740000,NULL,0,,0.00,0.00,0.00,0.00,0.00,20.00,0,25.00,25.00,0.00,10.00,4.00,2.50,7,1,,,,
346510,321,Gracy - cash out Due DD,"UF ORTHO ",2024-02-08 17:10:15.2380000,NULL,0,,0.00,0.00,0.00,0.00,0.00,20.00,0,30.00,30.00,0.00,10.00,4.00,2.50,9,1,,,,
346527,322,Brian?Cash out due DD,LARSEN Hall,2024-02-14 11:20:12.5500000,NULL,0,,0.00,0.00,0.00,0.00,0.00,20.00,0,40.00,40.00,40.00,10.00,4.00,2.50,11,2,90,,,
346557,323,Brian/Gracy due DDcashout,Brentwood School,2024-02-16 11:15:17.7810000,NULL,0,,0.00,0.00,0.00,0.00,0.00,20.00,0,30.00,30.00,30.00,10.00,4.00,2.50,9,2,70,,,
348986,170,BRIAN,Harrell,2024-02-23 11:00:55.1570000,NULL,0,,0.00,0.00,0.00,0.00,0.00,20.00,0,50.00,0.00,0.00,10.00,3.00,2.50,11,,,,,
350607,324,BRIAN - ring out DUeDD,Austin Carey,2024-02-22 11:00:50.9270000,NULL,0,,0.00,0.00,0.00,0.00,0.00,20.00,0,25.00,30.00,0.00,10.00,4.00,2.50,8,2,,,,
350972,325,BRIAN,Dental School,2024-02-21 11:00:41.2000000,NULL,0,,0.00,0.00,0.00,30.00,0.00,20.00,0,50.00,0.00,0.00,10.00,3.00,2.50,20,,,,,
351822,239,B/G due from DD,Austin Cary,2024-02-29 11:15:30.7590000,NULL,0,,0.00,0.00,0.00,0.00,0.00,20.00,0,30.00,30.00,30.00,10.00,4.00,2.50,9,2,70,,"brownies, bonbons and cookies",
353240,326,ERIENNe!!!!,1912 NW 39 Terrace,2024-03-02 17:00:27.1900000,NULL,0,,0.00,0.00,0.00,30.00,0.00,20.00,0,25.00,0.00,0.00,10.00,3.00,2.50,,,,,,
357089,327,GRACY,Ortho institute,2024-03-08 11:10:06.4020000,NULL,0,,0.00,0.00,0.00,30.00,0.00,20.00,0,30.00,30.00,0.00,10.00,4.00,2.50,8,,,,,
357214,328,Gracy - rung out Due DD,Hough Hall - Biz school,2024-03-12 11:20:34.6010000,NULL,0,,0.00,0.00,0.00,0.00,0.00,20.00,0,35.00,35.00,0.00,10.00,4.00,2.50,9,2,,,,
358894,329,Chris? Zack? cash out DD,Communicore @ UF,2024-03-21 16:20:43.3420000,NULL,0,,0.00,0.00,0.00,0.00,0.00,20.00,0,35.00,0.00,0.00,10.00,3.00,2.50,9,,,PIZZA ONLY,,
358897,330,Brian/Gracy cash out DD,720 bldg,2024-03-20 11:15:28.1100000,NULL,0,,0.00,0.00,0.00,0.00,0.00,20.00,0,30.00,30.00,0.00,10.00,4.00,2.50,8,2,,,,
358898,331,BRIAN,DEPOT,2024-03-22 17:50:28.5300000,NULL,0,,0.00,0.00,0.00,30.00,0.00,20.00,0,50.00,50.00,0.00,10.00,4.00,2.50,14,4,,,,
358915,332,SATCHEL,Gaineswood! RAD!,2024-03-23 18:00:39.5280000,NULL,0,,0.00,0.00,0.00,0.00,20.00,20.00,0,45.00,45.00,0.00,10.00,4.00,2.50,11,4,,VEGAN - NO BUTTER NO CHEESE NO ROMANO - FOLLOW YOUR EVERLOVING HEART OUT!!!!,,
360737,46,BRIAN,Springhill,2024-03-22 11:20:43.3390000,NULL,0,,0.00,0.00,0.00,0.00,0.00,20.00,0,25.00,25.00,0.00,10.00,4.00,2.50,7,2,,,,
360907,333,BRIAN due from DD,Vet School,2024-03-21 23:40:35.1540000,NULL,0,,0.00,0.00,0.00,0.00,0.00,20.00,0,25.00,30.00,0.00,10.00,4.00,2.50,8,2,,,,
360915,334,BRIAN - due from dd,Museum drive,2024-03-22 15:55:11.3780000,NULL,0,,0.00,0.00,0.00,0.00,0.00,20.00,0,25.00,25.00,0.00,10.00,4.00,2.50,7,2,,,,
361926,238,PICK UP at 11:15,PICK UP,2024-03-30 11:15:57.9060000,NULL,0,,0.00,0.00,0.00,0.00,0.00,20.00,0,25.00,0.00,0.00,10.00,0.00,2.50,7,,,,,
363221,273,BRIAN- cash out due DD,McKnight,2024-03-28 00:15:04.9880000,NULL,0,,0.00,0.00,0.00,0.00,0.00,20.00,0,20.00,20.00,20.00,10.00,4.00,2.50,6,2,45,,"choco chip and oatmeal cookies, bonbons and brownies please",
