17,23,25.00,2020-08-15 11:27:35,NULL
18,24,20.00,2020-08-25 17:16:21,NULL
50,25,40.00,2020-10-16 20:21:45,NULL
70,26,50.00,2020-11-17 13:11:05,NULL
20,30,10.00,2020-09-10 13:44:40,NULL
21,31,29.43,2020-09-10 19:10:06,NULL
22,34,25.00,2020-09-11 18:33:52,NULL
23,35,25.00,2020-09-12 20:42:19,NULL
47,36,50.00,2020-10-09 20:07:47,NULL
2268,36,-40.00,2024-03-01 18:00:14,NULL
2269,36,40.00,2024-03-01 18:00:33,354713
65,37,27.82,2020-11-12 18:06:56,NULL
82,37,22.18,2020-12-04 19:17:52,NULL
24,38,49.01,2020-09-17 21:52:52,NULL
2202,39,15.00,2024-01-12 17:17:46,338156
25,40,14.32,2020-09-19 14:04:09,NULL
26,41,20.00,2020-09-24 12:59:11,NULL
1833,42,29.00,2022-12-21 19:03:26,215564
1834,42,-29.00,2022-12-21 19:05:41,NULL
2204,42,20.78,2024-01-12 19:19:31,338202
2205,42,35.00,2024-01-12 19:18:59,NULL
2259,42,4.22,2024-02-23 20:29:16,352229
27,46,16.05,2020-09-24 20:22:27,NULL
1442,46,8.95,2021-10-01 18:04:32,91923
28,47,22.47,2020-09-25 18:45:52,NULL
45,47,2.53,2020-10-09 19:08:40,NULL
29,48,80.00,2020-09-26 12:22:54,NULL
30,49,21.19,2020-09-26 14:17:04,NULL
62,49,15.11,2020-11-06 14:55:03,NULL
31,51,40.98,2020-09-29 17:33:35,NULL
169,51,9.02,2021-02-17 17:24:36,NULL
32,52,21.11,2020-09-29 17:58:52,NULL
33,53,34.24,2020-09-29 18:32:57,NULL
49,53,15.76,2020-10-14 17:42:25,NULL
193,56,7.49,2021-03-06 15:55:57,NULL
1221,56,16.00,2021-03-20 13:26:54,NULL
1228,56,-23.49,2021-03-23 22:04:28,NULL
2218,56,30.00,2024-01-24 12:10:35,341507
42,60,25.00,2020-10-07 18:06:36,NULL
43,61,21.40,2020-10-08 18:18:11,NULL
44,62,17.98,2020-10-09 13:20:59,NULL
46,63,61.85,2020-10-09 19:12:55,NULL
153,63,39.59,2021-02-04 18:19:42,NULL
1429,63,40.00,2021-09-02 18:28:57,84568
1520,63,40.66,2022-01-11 18:34:12,116870
1751,63,17.90,2022-09-06 18:49:35,185399
1308,64,39.59,2021-04-23 21:01:30,51159
48,65,2.76,2020-10-10 18:47:30,NULL
99,66,30.00,2020-12-29 12:27:46,NULL
51,67,25.00,2020-10-20 13:09:23,NULL
52,68,30.00,2020-10-20 20:29:32,NULL
53,69,25.00,2020-10-21 13:59:09,NULL
61,70,50.00,2020-10-31 20:20:21,NULL
54,71,24.08,2020-10-21 15:43:34,NULL
55,71,0.92,2020-10-21 15:44:27,NULL
56,72,25.00,2020-10-22 11:42:43,NULL
57,73,20.00,2020-10-24 18:53:43,NULL
58,74,36.17,2020-10-27 15:17:42,NULL
74,75,39.16,2020-11-20 18:21:59,NULL
113,75,10.84,2021-01-08 18:29:51,NULL
59,76,25.00,2020-10-30 15:46:13,NULL
60,77,25.00,2020-10-30 15:46:35,NULL
1280,78,25.00,2021-04-16 19:29:41,49309
63,79,19.26,2020-11-06 17:59:42,NULL
101,79,5.74,2020-12-29 18:52:35,NULL
64,80,20.00,2020-11-07 18:43:59,NULL
1958,81,20.00,2023-03-16 18:25:56,242368
164,82,35.00,2021-02-12 22:08:40,NULL
66,83,10.00,2020-11-14 13:51:07,NULL
67,84,25.00,2020-11-14 16:35:57,NULL
68,85,34.62,2020-11-14 20:19:18,NULL
69,86,25.00,2020-11-17 13:10:42,NULL
71,87,9.00,2020-11-17 17:38:07,NULL
1879,87,0.00,2023-01-20 15:21:06,223822
72,88,24.08,2020-11-18 14:50:43,NULL
73,89,10.57,2020-11-20 18:15:40,NULL
75,90,25.00,2020-11-24 17:49:00,NULL
76,91,19.68,2020-11-24 17:49:30,NULL
77,91,5.32,2020-11-24 18:18:16,NULL
78,92,10.17,2020-11-25 13:15:15,NULL
79,93,50.00,2020-11-25 15:37:57,NULL
80,94,25.00,2020-11-28 14:11:04,NULL
81,95,40.00,2020-11-28 16:14:47,NULL
160,96,33.07,2021-02-11 19:19:21,NULL
161,96,6.00,2021-02-11 19:30:34,NULL
1257,97,42.85,2021-04-08 18:39:59,47276
1298,97,35.31,2021-04-22 13:14:02,50554
1376,97,21.84,2021-07-15 11:57:46,71527
125,98,20.00,2021-01-14 20:43:18,NULL
130,98,19.80,2021-01-20 20:09:37,NULL
136,98,15.52,2021-01-22 20:35:13,NULL
146,98,15.52,2021-01-29 20:32:02,NULL
150,98,15.52,2021-02-02 21:01:17,NULL
159,98,13.64,2021-02-10 20:41:07,NULL
151,99,60.00,2021-02-03 19:21:41,NULL
1360,100,15.00,2021-06-24 18:00:06,66335
1457,101,27.29,2021-10-21 12:02:40,96717
1705,101,22.71,2022-06-23 17:08:46,163416
1232,102,22.47,2021-03-25 16:56:57,43998
1390,102,27.53,2021-07-24 18:43:43,74530
1843,103,40.00,2022-12-27 18:07:23,216888
2251,104,40.00,2024-02-15 18:16:40,349215
1756,106,25.00,2022-09-14 13:43:19,187531
171,107,19.26,2021-02-19 17:55:32,NULL
194,107,17.12,2021-03-06 18:23:45,NULL
1277,108,50.00,2021-04-15 21:36:09,48995
2208,109,29.03,2024-01-13 17:51:24,338809
2226,109,20.97,2024-01-27 18:58:04,343218
2279,110,39.78,2024-03-20 17:36:47,361331
2280,110,-39.78,2024-03-20 17:40:07,NULL
1817,111,30.00,2022-12-07 19:23:06,211147
1274,112,25.68,2021-04-14 20:13:29,48771
1290,112,22.47,2021-04-17 21:18:42,49943
1291,112,1.85,2021-04-17 21:33:49,49954
83,114,25.00,2020-12-05 15:36:58,NULL
84,115,25.00,2020-12-05 20:16:17,NULL
119,118,17.66,2021-01-09 18:09:20,NULL
120,118,9.00,2021-01-09 18:10:27,NULL
140,118,13.34,2021-01-27 18:51:13,NULL
129,119,40.00,2021-01-19 19:13:41,NULL
93,120,29.99,2020-12-19 19:45:52,NULL
2206,121,19.00,2024-01-12 19:28:41,338172
2214,121,18.00,2024-01-19 19:16:17,340337
85,122,17.12,2020-12-10 17:41:00,NULL
1551,122,22.88,2022-02-02 17:21:26,122320
86,123,46.25,2020-12-10 18:39:56,NULL
90,123,40.66,2020-12-17 18:14:57,NULL
111,123,13.09,2021-01-08 18:09:28,NULL
123,126,25.00,2021-01-14 16:38:43,NULL
87,127,25.00,2020-12-11 18:14:04,NULL
88,128,25.68,2020-12-11 19:36:26,NULL
1513,128,16.05,2022-01-06 14:38:23,115579
1514,128,-16.05,2022-01-06 14:42:11,NULL
1623,128,18.19,2022-03-31 15:35:00,139150
1624,128,-18.19,2022-03-31 15:46:27,NULL
2159,128,24.32,2023-12-16 17:50:40,329630
2160,128,-16.00,2023-12-16 17:55:14,NULL
2161,128,16.00,2023-12-16 18:05:25,329694
89,129,10.00,2020-12-12 13:38:42,NULL
1569,131,36.38,2022-02-12 12:37:58,125221
1518,132,45.48,2022-01-08 17:26:34,116449
100,133,35.00,2020-12-29 16:55:34,NULL
1617,134,24.59,2022-03-26 20:10:11,138211
1363,135,16.00,2021-06-25 12:44:52,66475
2158,137,60.00,2023-12-16 17:37:32,329606
1400,138,10.00,2021-07-31 20:59:57,76571
1401,138,20.00,2021-07-31 21:00:33,NULL
1737,139,30.00,2022-08-10 13:05:27,177139
1387,140,22.26,2021-07-22 19:00:24,73713
1384,141,30.00,2021-07-17 21:05:54,72744
1379,142,22.47,2021-07-17 12:41:29,72353
1613,142,7.53,2022-03-25 13:42:26,137312
124,144,30.00,2021-01-14 17:11:38,NULL
103,145,20.00,2020-12-30 15:01:10,NULL
1759,146,23.54,2022-09-16 13:18:05,188251
1795,146,26.46,2022-11-08 19:00:47,203388
2219,147,40.00,2024-01-25 14:08:51,341928
115,149,30.00,2021-01-08 20:47:12,NULL
2195,150,20.00,2024-01-06 15:54:21,336473
91,151,21.40,2020-12-19 12:59:24,NULL
96,151,3.60,2020-12-23 17:40:36,NULL
1297,152,25.00,2021-04-21 17:49:45,50376
92,153,40.00,2020-12-19 19:22:04,NULL
145,154,41.73,2021-01-29 19:26:06,NULL
1336,154,8.27,2021-05-21 15:59:01,58058
94,155,38.52,2020-12-22 12:03:12,NULL
95,155,6.00,2020-12-22 12:08:28,NULL
1279,157,25.00,2021-04-16 18:15:38,49253
108,158,35.00,2021-01-08 12:06:40,NULL
105,159,35.85,2020-12-30 19:39:01,NULL
122,159,32.64,2021-01-13 20:39:46,NULL
1368,160,36.38,2021-07-02 19:31:25,68421
2203,160,13.62,2024-01-12 19:19:11,338202
166,161,25.00,2021-02-16 19:53:54,NULL
97,163,21.55,2020-12-23 17:41:48,NULL
98,163,3.21,2020-12-23 17:47:58,NULL
1371,164,25.00,2021-07-03 17:28:20,68821
102,165,25.00,2020-12-29 20:18:31,NULL
104,166,15.00,2020-12-30 16:40:48,NULL
106,168,30.00,2021-01-02 14:03:01,NULL
107,169,40.00,2021-01-02 15:56:06,NULL
109,170,17.12,2021-01-08 17:22:10,NULL
157,170,22.88,2021-02-09 18:49:01,NULL
110,171,25.00,2021-01-08 18:08:41,NULL
112,172,40.00,2021-01-08 18:26:43,NULL
114,173,17.12,2021-01-08 19:42:29,NULL
127,173,16.05,2021-01-15 20:26:05,NULL
134,173,6.83,2021-01-22 20:17:04,NULL
1320,174,48.79,2021-05-01 18:55:36,53674
1322,174,1.21,2021-05-01 19:43:39,53719
116,175,16.59,2021-01-09 16:30:28,NULL
1271,175,8.41,2021-04-14 16:58:27,48656
117,176,20.00,2021-01-09 16:53:11,NULL
118,177,42.80,2021-01-09 18:00:32,NULL
1305,177,7.20,2021-04-23 18:28:57,51028
208,178,20.00,2021-03-16 19:35:10,NULL
121,179,25.00,2021-01-13 20:20:28,NULL
126,180,40.00,2021-01-15 17:01:03,NULL
1352,181,75.00,2021-06-11 20:32:14,63236
128,182,15.68,2021-01-16 18:05:30,NULL
131,183,34.24,2021-01-21 18:45:17,NULL
174,183,5.76,2021-02-23 18:30:16,NULL
132,184,25.00,2021-01-22 11:18:13,NULL
133,185,9.63,2021-01-22 14:28:12,NULL
135,186,20.00,2021-01-22 20:25:58,NULL
137,187,40.00,2021-01-23 18:36:06,NULL
138,188,38.84,2021-01-23 22:05:06,NULL
1307,188,41.16,2021-04-23 19:57:53,51145
139,189,19.80,2021-01-26 14:20:09,NULL
141,190,25.00,2021-01-28 17:41:41,NULL
142,191,31.03,2021-01-29 16:35:45,NULL
188,191,8.97,2021-03-05 17:49:05,NULL
143,192,25.00,2021-01-29 17:34:52,NULL
144,193,40.00,2021-01-29 18:52:05,NULL
147,194,6.00,2021-01-30 19:03:59,NULL
148,195,19.00,2021-01-30 20:19:46,NULL
149,196,11.02,2021-02-02 11:59:35,NULL
156,196,8.03,2021-02-09 11:57:37,NULL
181,196,5.95,2021-03-02 13:22:35,NULL
170,197,50.00,2021-02-19 11:33:52,NULL
152,198,21.19,2021-02-04 17:21:35,NULL
154,199,25.00,2021-02-05 17:39:16,NULL
155,200,30.82,2021-02-06 17:37:54,NULL
1483,200,9.18,2021-12-03 17:45:31,107953
173,201,39.59,2021-02-20 20:28:54,NULL
201,201,10.41,2021-03-12 20:09:15,NULL
1484,202,20.65,2021-12-03 18:15:03,107982
1524,202,19.35,2022-01-13 17:42:37,117387
158,203,2.80,2021-02-09 18:49:57,NULL
1235,203,37.20,2021-03-25 19:33:13,44076
165,204,10.00,2021-02-16 17:58:48,NULL
162,205,25.00,2021-02-11 20:35:11,NULL
163,206,5.00,2021-02-11 20:35:39,NULL
1233,206,20.00,2021-03-25 17:28:08,44014
167,207,25.00,2021-02-16 21:09:09,NULL
168,208,50.00,2021-02-17 17:24:23,NULL
1254,209,52.00,2021-04-06 13:10:26,46629
1418,209,33.81,2021-08-20 17:08:20,81394
1445,209,14.19,2021-10-08 14:04:12,93523
172,211,22.47,2021-02-20 20:01:32,NULL
1242,212,5.00,2021-03-27 15:39:28,44653
175,213,25.00,2021-02-26 13:28:29,NULL
215,214,97.16,2021-03-18 20:23:57,NULL
1421,215,32.10,2021-08-27 16:13:50,83153
1341,216,31.03,2021-05-26 17:32:09,59151
1406,216,31.03,2021-08-11 16:45:53,78862
1382,217,100.00,2021-07-17 19:57:33,72636
203,219,31.03,2021-03-13 12:34:39,NULL
1241,219,31.03,2021-03-27 14:14:23,44614
1259,219,34.24,2021-04-09 13:38:49,47463
1465,219,3.70,2021-11-06 11:57:47,100669
1273,220,34.48,2021-04-14 19:24:57,48743
1502,220,24.08,2022-01-04 13:51:21,114957
1741,220,27.82,2022-08-17 19:43:49,179390
1742,220,13.62,2022-08-17 19:48:59,NULL
190,221,70.62,2021-03-05 21:19:17,NULL
1310,223,12.00,2021-04-24 13:41:38,51286
1275,225,36.62,2021-04-15 17:17:58,48902
1349,225,26.99,2021-06-08 17:06:06,62185
1415,225,31.03,2021-08-17 16:32:33,80251
206,226,100.00,2021-03-13 19:27:44,NULL
1231,227,21.99,2021-03-25 11:39:25,43870
1428,227,47.08,2021-09-01 11:30:55,84164
1563,227,30.93,2022-02-11 17:42:03,124868
212,228,38.52,2021-03-17 18:13:54,NULL
1234,228,31.03,2021-03-25 18:22:16,44030
1245,228,30.45,2021-04-01 18:21:00,45577
1327,229,62.70,2021-05-08 12:42:10,55103
1712,229,32.10,2022-07-01 15:40:45,165881
1284,230,49.22,2021-04-17 13:42:44,49520
1389,230,50.78,2021-07-23 18:46:05,74048
218,232,94.16,2021-03-19 11:35:36,NULL
1803,233,90.42,2022-11-16 19:54:02,205756
192,235,76.51,2021-03-06 15:50:43,NULL
1230,235,23.49,2021-03-25 11:38:56,43870
1306,236,87.00,2021-04-23 19:42:17,51059
1351,237,58.00,2021-06-11 18:59:23,63159
205,239,44.94,2021-03-13 19:21:17,NULL
1282,239,19.26,2021-04-16 19:56:46,49346
1964,239,35.80,2023-03-24 19:25:45,244941
1248,241,22.58,2021-04-02 13:14:00,45743
1573,241,24.08,2022-02-16 13:22:15,126153
1595,241,47.08,2022-03-04 11:50:25,130941
184,242,41.52,2021-03-04 17:00:23,NULL
199,242,32.96,2021-03-09 14:59:57,NULL
207,242,17.98,2021-03-16 12:34:19,NULL
219,242,7.54,2021-03-19 14:17:23,NULL
1385,243,39.00,2021-07-17 21:41:49,72775
1463,243,38.52,2021-11-05 21:01:06,100643
213,245,34.24,2021-03-18 17:41:29,NULL
1330,245,39.59,2021-05-14 14:21:20,56343
1388,245,26.17,2021-07-23 12:28:09,73881
198,246,22.47,2021-03-09 12:07:26,NULL
1240,246,20.12,2021-03-27 13:44:57,44603
1433,247,83.00,2021-09-04 19:46:54,85498
197,248,39.59,2021-03-09 12:03:43,NULL
1264,250,100.00,2021-04-10 19:18:07,48090
1364,251,63.67,2021-06-25 13:10:17,66476
189,253,100.00,2021-03-05 19:27:43,NULL
1571,256,29.96,2022-02-12 21:35:41,125728
1572,256,32.10,2022-02-15 11:50:28,125762
1574,256,35.31,2022-02-16 21:41:05,126403
1286,257,54.57,2021-04-17 14:39:14,49560
1309,257,45.43,2021-04-24 13:40:37,51286
214,260,26.87,2021-03-18 18:46:56,NULL
1223,260,31.03,2021-03-20 21:20:01,NULL
1251,260,33.17,2021-04-03 20:05:01,46451
200,261,74.90,2021-03-10 16:54:05,NULL
1239,261,17.12,2021-03-27 12:30:09,44578
1243,261,7.98,2021-03-30 14:05:03,44974
1287,262,100.00,2021-04-17 18:36:08,49726
1247,263,43.87,2021-04-01 21:50:04,45689
1266,263,41.73,2021-04-10 21:29:55,48269
1383,263,14.40,2021-07-17 20:15:18,72664
1479,264,30.50,2021-11-30 18:53:06,107051
1480,264,30.50,2021-12-01 17:38:26,107288
2046,264,39.00,2023-07-08 17:33:03,279140
1296,265,33.17,2021-04-21 17:16:04,50383
1567,265,42.80,2022-02-12 12:13:05,125186
1866,265,19.35,2023-01-10 18:16:02,220568
1224,266,39.59,2021-03-23 18:18:08,43519
191,267,37.00,2021-03-06 13:34:54,NULL
1256,267,31.00,2021-04-08 13:04:28,47172
1635,267,32.00,2022-04-12 17:07:40,142756
1227,268,17.12,2021-03-23 20:36:10,43578
1244,268,25.68,2021-03-30 20:48:02,45111
1394,268,31.03,2021-07-28 19:17:41,75270
1664,268,26.17,2022-05-07 20:09:42,151180
210,269,20.12,2021-03-17 14:00:34,NULL
1414,269,17.12,2021-08-17 12:53:51,80143
1440,269,11.56,2021-09-29 13:39:55,91234
1443,269,25.00,2021-10-05 13:23:21,92665
1453,269,26.20,2021-10-19 19:59:09,96399
1358,270,100.00,2021-06-19 15:29:52,65260
209,271,100.00,2021-03-17 11:57:59,NULL
187,272,92.02,2021-03-04 20:58:37,NULL
185,273,70.09,2021-03-04 19:35:50,NULL
1237,273,21.40,2021-03-26 18:10:16,44316
1344,273,8.51,2021-06-04 18:20:19,61389
1267,274,100.00,2021-04-10 22:07:01,48303
1258,275,64.20,2021-04-08 18:47:07,47301
1250,276,43.87,2021-04-03 14:58:48,46232
1302,276,27.29,2021-04-23 13:14:04,50851
186,278,42.59,2021-03-04 20:24:40,NULL
217,278,42.59,2021-03-18 21:18:31,NULL
1225,279,36.92,2021-03-23 19:02:56,43543
1255,279,36.38,2021-04-06 19:19:19,46781
1410,279,26.70,2021-08-12 20:30:22,79234
176,280,19.26,2021-02-26 18:20:21,NULL
1464,280,26.75,2021-11-05 21:22:07,100644
177,281,40.00,2021-02-27 12:53:42,NULL
178,282,4.83,2021-02-27 12:54:10,NULL
179,282,35.17,2021-02-27 13:32:10,NULL
180,283,19.05,2021-02-27 15:20:38,NULL
1542,283,5.95,2022-01-21 20:35:02,119589
182,284,12.31,2021-03-02 14:10:08,NULL
211,285,25.00,2021-03-17 15:33:49,NULL
1278,286,12.09,2021-04-16 15:55:34,49164
1303,286,12.09,2021-04-23 16:07:06,50921
183,287,39.59,2021-03-03 20:47:28,NULL
195,288,19.26,2021-03-06 19:37:08,NULL
1380,288,5.74,2021-07-17 16:40:05,72479
1381,288,-5.74,2021-07-17 16:51:34,NULL
196,289,10.00,2021-03-09 11:31:55,NULL
1359,290,8.03,2021-06-24 11:42:53,66210
1434,290,11.56,2021-09-07 11:54:01,85618
1487,290,12.63,2021-12-10 11:46:52,109617
1645,290,13.91,2022-04-27 12:09:19,147653
1699,290,3.87,2022-06-15 11:20:06,161039
1294,291,19.26,2021-04-20 15:47:36,50089
1319,291,26.54,2021-04-30 12:45:45,52824
202,292,40.00,2021-03-12 21:05:02,NULL
204,293,25.00,2021-03-13 18:02:14,NULL
2103,293,-25.00,2023-09-23 18:25:33,NULL
2104,293,25.00,2023-09-23 18:26:10,303934
1300,294,40.00,2021-04-22 19:56:04,50705
1246,295,47.00,2021-04-01 18:44:31,45590
1954,295,3.00,2023-03-15 17:56:16,241875
216,296,20.00,2021-03-18 20:23:57,NULL
1292,297,20.00,2021-04-17 21:44:27,49887
1226,298,32.10,2021-03-23 20:10:52,43581
1218,299,20.00,2021-03-19 18:16:11,NULL
1628,300,56.71,2022-04-07 19:49:19,141319
1706,300,43.29,2022-06-23 21:42:16,163592
1219,301,25.92,2021-03-19 18:56:22,NULL
2199,301,21.50,2024-01-11 17:26:20,337657
2200,301,22.90,2024-01-11 17:51:25,337683
1220,302,25.00,2021-03-20 12:21:28,NULL
1222,303,36.38,2021-03-20 13:33:04,NULL
1811,303,21.38,2022-11-26 15:02:11,208534
1947,303,18.75,2023-03-11 13:32:38,240661
1229,304,47.72,2021-03-24 18:21:00,43766
1339,304,2.28,2021-05-22 22:32:52,58761
1236,305,50.00,2021-03-26 13:03:20,44171
1356,306,46.00,2021-06-19 12:51:36,65174
1365,306,28.89,2021-06-25 16:29:00,66584
1367,306,24.61,2021-07-01 19:20:01,68101
1260,308,59.92,2021-04-09 20:21:55,47715
1399,308,31.03,2021-07-31 20:29:08,76585
1293,309,41.73,2021-04-20 14:08:53,50033
1377,309,36.92,2021-07-16 14:48:04,71927
1261,310,16.59,2021-04-10 12:32:44,47910
1272,310,12.31,2021-04-14 18:46:36,48728
1288,310,7.49,2021-04-17 19:04:45,49780
1707,310,33.17,2022-06-25 13:22:48,164105
1786,310,9.10,2022-11-02 18:34:31,201721
1789,310,8.56,2022-11-03 18:07:52,201968
1794,310,8.56,2022-11-08 17:56:34,203384
1283,311,59.71,2021-04-16 22:10:15,49443
1321,311,34.78,2021-05-01 19:32:14,53706
1343,312,49.00,2021-06-03 18:59:11,61076
1361,312,51.00,2021-06-24 19:11:26,66369
1430,313,100.00,2021-09-03 19:07:08,84887
1295,314,23.86,2021-04-20 17:32:21,50110
1313,314,20.12,2021-04-24 18:51:57,51614
1324,314,34.24,2021-05-04 17:38:59,53962
1334,314,9.10,2021-05-21 15:10:52,58043
1335,314,3.00,2021-05-21 15:11:51,58051
1350,314,9.68,2021-06-08 18:30:29,62198
1312,315,38.00,2021-04-24 15:00:32,51378
1326,315,42.37,2021-05-06 16:23:31,54464
1488,315,17.12,2021-12-11 13:13:53,110096
1726,316,48.15,2022-07-23 14:33:47,172233
1304,317,44.41,2021-04-23 16:08:44,50920
1698,317,55.59,2022-06-11 11:52:09,160206
1265,318,96.30,2021-04-10 21:11:56,48266
1353,320,36.38,2021-06-12 13:21:04,63391
1369,320,63.62,2021-07-03 14:40:20,68718
1262,321,47.08,2021-04-10 13:58:47,47945
1482,321,26.22,2021-12-03 16:43:51,107927
1561,321,26.70,2022-02-11 12:45:07,124633
1314,322,63.77,2021-04-24 19:26:29,51575
1631,322,35.31,2022-04-07 21:24:51,141418
1299,323,63.00,2021-04-22 13:44:55,50531
1686,324,67.41,2022-05-31 16:18:05,156992
1311,325,70.62,2021-04-24 13:45:12,51336
1238,328,39.59,2021-03-26 19:06:35,44358
1366,329,25.00,2021-06-30 19:52:52,67819
1249,331,10.00,2021-04-03 14:13:04,46179
1252,332,25.00,2021-04-03 21:07:22,46528
1253,335,25.00,2021-04-06 12:38:59,46601
2094,335,0.00,2023-09-09 15:08:52,299310
2095,335,-1.19,2023-09-09 15:09:34,NULL
1865,336,30.00,2023-01-10 18:05:04,220534
1263,337,40.39,2021-04-10 17:31:56,48047
1370,337,9.61,2021-07-03 17:27:36,68821
1268,338,44.73,2021-04-10 22:29:27,48257
1323,338,5.27,2021-05-04 14:54:12,53920
1269,339,10.00,2021-04-13 13:13:24,48383
1270,340,40.00,2021-04-13 18:26:36,48457
1276,341,25.00,2021-04-15 19:01:30,48969
1281,342,25.00,2021-04-16 19:33:38,49124
1285,343,25.00,2021-04-17 13:46:41,49567
1289,344,14.98,2021-04-17 20:32:49,49899
2262,344,24.19,2024-02-24 20:59:44,353152
1301,347,19.26,2021-04-22 19:58:21,50711
1315,349,86.67,2021-04-27 15:10:52,51837
1325,349,13.33,2021-05-06 13:36:09,54402
1316,351,41.73,2021-04-27 20:28:32,51993
1338,351,8.27,2021-05-22 20:40:47,58702
1317,352,7.02,2021-04-28 14:03:12,52149
1318,353,40.00,2021-04-28 21:52:52,52375
1329,354,25.00,2021-05-13 18:10:31,56092
1328,356,25.00,2021-05-11 20:11:10,55665
2025,357,25.00,2023-06-15 12:00:11,271539
1355,358,30.00,2021-06-17 17:43:43,64539
1342,359,30.00,2021-06-02 19:52:27,60843
1807,361,25.00,2022-11-19 14:29:18,206803
1404,362,11.77,2021-08-06 20:42:24,77974
1787,362,13.23,2022-11-02 20:21:08,201751
1373,365,30.00,2021-07-06 18:30:40,69226
1340,366,60.00,2021-05-25 14:24:27,58829
1331,367,25.00,2021-05-14 21:31:45,56587
1437,368,20.00,2021-09-22 21:16:12,89551
1332,369,26.32,2021-05-15 14:16:10,56698
1853,369,13.68,2023-01-03 14:00:07,218461
1333,370,40.00,2021-05-15 20:07:27,56972
1791,371,8.56,2022-11-04 15:26:44,202229
2275,371,10.37,2024-03-13 12:28:39,358783
1395,376,10.00,2021-07-29 17:18:30,75533
1580,377,41.73,2022-02-23 13:04:54,128216
1581,377,7.00,2022-02-23 13:24:45,128269
1354,378,50.00,2021-06-17 16:51:03,64520
1337,380,27.82,2021-05-22 17:33:43,58532
1451,381,62.06,2021-10-14 18:06:29,95117
1815,381,37.94,2022-11-30 17:48:33,209212
1348,384,25.00,2021-06-08 15:35:17,62131
1345,386,26.16,2021-06-04 19:59:43,61429
1346,387,27.82,2021-06-05 17:44:54,61792
1347,387,-9.82,2021-06-05 17:48:21,NULL
1746,388,42.80,2022-08-24 19:06:07,181756
1417,389,50.00,2021-08-20 14:51:18,81306
2149,390,40.00,2023-12-06 21:07:06,326003
1372,391,25.00,2021-07-03 18:18:40,68860
1492,392,25.00,2021-12-17 19:01:21,111799
1618,393,24.61,2022-03-29 18:00:12,138500
1473,394,25.00,2021-11-17 16:36:18,103729
1961,395,25.00,2023-03-18 14:46:05,243160
1474,396,25.00,2021-11-17 17:14:54,103751
1467,397,25.00,2021-11-06 19:14:03,101023
1357,400,30.00,2021-06-19 13:59:04,65206
1362,412,20.30,2021-06-25 12:44:19,66475
1374,414,23.00,2021-07-14 19:08:09,71367
1375,414,2.00,2021-07-14 19:12:31,71414
1632,416,5.00,2022-04-08 13:53:28,141556
1378,417,25.00,2021-07-16 18:20:15,72101
1392,418,37.57,2021-07-28 18:32:11,75278
1393,418,12.01,2021-07-28 19:01:57,75297
1460,419,17.12,2021-10-23 16:52:39,97656
1423,420,20.00,2021-08-27 20:05:02,83266
1386,421,22.47,2021-07-20 17:37:50,72970
1471,423,40.00,2021-11-12 17:22:44,102367
1723,423,-40.00,2022-07-21 19:35:43,NULL
1724,423,40.00,2022-07-21 19:36:04,171544
1391,424,69.02,2021-07-28 17:51:59,75225
1405,425,25.68,2021-08-07 16:04:00,78123
1412,425,25.68,2021-08-14 15:31:03,79825
1425,425,22.47,2021-08-28 16:03:10,83618
1431,425,25.68,2021-09-04 12:33:26,85201
1396,426,29.96,2021-07-30 14:26:55,75849
1611,426,20.04,2022-03-25 13:26:54,137254
1397,427,35.00,2021-07-30 17:03:08,75913
1398,428,40.00,2021-07-31 18:22:48,76478
1447,429,100.00,2021-10-09 21:21:49,94410
1402,430,40.00,2021-08-03 20:13:00,76852
1793,432,32.10,2022-11-05 17:57:17,202943
1967,432,25.80,2023-03-28 17:50:59,246045
1403,433,50.00,2021-08-06 16:54:10,77730
1804,434,95.00,2022-11-16 20:06:03,205777
1407,435,37.34,2021-08-11 17:48:10,78865
1452,436,19.26,2021-10-15 17:21:45,95510
1408,437,25.00,2021-08-11 19:59:49,78925
1409,438,31.03,2021-08-12 20:00:19,79221
1411,439,40.00,2021-08-13 17:00:00,79410
1419,440,23.54,2021-08-20 21:55:49,81485
1435,440,21.00,2021-09-16 19:16:03,87865
1413,441,46.01,2021-08-14 18:44:17,79925
1416,442,40.00,2021-08-17 20:27:09,80365
1427,447,25.00,2021-08-28 17:41:32,83666
1596,448,40.00,2022-03-04 18:59:29,131248
1426,449,50.00,2021-08-28 17:18:44,83670
1420,450,50.29,2021-08-26 15:25:19,82803
1450,450,49.71,2021-10-14 14:04:22,95057
1422,451,10.00,2021-08-27 17:49:36,83163
1424,452,25.00,2021-08-28 12:53:39,83492
1432,454,10.00,2021-09-04 13:14:42,85275
1436,455,40.00,2021-09-17 21:22:29,88556
1448,456,49.01,2021-10-12 19:23:25,94666
1943,456,0.99,2023-03-07 19:23:05,238888
2035,457,42.00,2023-06-23 20:29:06,274462
1607,459,30.00,2022-03-17 18:06:44,134880
1709,461,30.00,2022-06-29 17:27:02,165162
1576,465,30.00,2022-02-18 19:20:37,127053
1808,467,20.33,2022-11-19 17:38:09,206998
1466,468,30.00,2021-11-06 12:47:14,100727
1438,471,30.00,2021-09-25 16:26:15,90666
1439,472,34.03,2021-09-25 19:56:41,90870
1461,472,33.17,2021-10-23 18:48:00,97766
1481,472,12.80,2021-12-02 18:30:41,107657
1441,473,25.00,2021-09-30 21:05:26,91731
1456,474,41.73,2021-10-20 19:39:35,96645
1570,474,8.27,2022-02-12 21:17:22,125735
1446,475,37.03,2021-10-08 20:48:28,93823
1444,476,31.03,2021-10-07 12:50:55,93220
1478,476,37.45,2021-11-24 13:49:47,105482
1533,476,31.52,2022-01-19 15:34:12,118819
1459,477,50.00,2021-10-21 19:05:06,96883
1717,478,100.00,2022-07-15 19:27:28,169938
1449,479,29.00,2021-10-13 20:26:32,94958
1455,479,32.00,2021-10-20 17:41:09,96592
1527,479,19.26,2022-01-14 19:55:50,117947
2073,479,19.74,2023-08-08 12:04:44,288923
1454,481,10.00,2021-10-20 14:24:06,96525
1458,482,40.00,2021-10-21 14:07:30,96795
1550,483,25.00,2022-01-29 14:20:04,121501
1658,484,23.54,2022-05-06 15:45:58,150585
1659,484,1.46,2022-05-06 15:53:04,150608
1517,485,30.00,2022-01-07 17:11:11,115925
1553,487,40.00,2022-02-03 14:33:59,122562
1462,488,25.00,2021-11-02 21:54:04,99775
1477,489,40.00,2021-11-23 19:39:03,105297
1564,491,10.80,2022-02-11 17:42:36,124868
1565,491,-10.80,2022-02-11 17:44:47,NULL
2008,492,25.00,2023-05-23 17:15:51,264445
1468,493,22.47,2021-11-11 12:34:36,101793
1469,494,2.53,2021-11-11 12:38:49,101795
1470,495,25.00,2021-11-11 16:59:20,101921
1685,496,36.92,2022-05-28 17:26:12,156631
1521,497,20.00,2022-01-12 19:42:41,117205
1750,498,25.00,2022-09-02 19:50:25,184426
1472,499,40.00,2021-11-13 15:43:32,102824
1475,500,20.00,2021-11-17 20:14:22,103837
1476,501,36.00,2021-11-18 18:28:02,103986
1897,501,4.00,2023-02-07 12:24:54,229207
1649,502,20.00,2022-04-29 19:50:33,148776
1585,503,20.00,2022-02-25 19:00:42,128988
1616,505,15.00,2022-03-26 20:08:10,138211
1486,506,30.00,2021-12-08 17:47:52,109157
1485,508,25.00,2021-12-07 12:07:53,108688
1656,510,18.19,2022-05-06 12:14:15,150507
1519,511,20.00,2022-01-11 12:45:48,116740
1610,513,20.00,2022-03-25 12:52:39,137245
1501,514,50.00,2021-12-30 19:04:45,114738
1614,515,20.00,2022-03-25 15:38:42,137352
1515,516,26.22,2022-01-06 18:01:49,115662
1522,516,26.22,2022-01-13 17:02:54,117372
1575,516,7.56,2022-02-17 20:08:37,126712
1622,517,50.00,2022-03-30 18:25:39,138885
1494,519,48.79,2021-12-18 12:41:17,112014
1491,522,50.00,2021-12-17 11:49:21,111571
1489,523,19.26,2021-12-14 20:44:18,110796
1504,523,17.66,2022-01-04 18:28:55,115075
1577,523,13.08,2022-02-18 20:05:05,127105
2055,524,36.87,2023-07-19 19:08:49,282695
1578,525,8.86,2022-02-18 20:05:21,127105
1651,526,69.02,2022-04-30 19:08:32,149424
1652,526,10.70,2022-04-30 19:14:48,149435
1653,526,20.28,2022-04-30 19:47:30,149458
1716,527,50.00,2022-07-13 19:44:02,169078
1745,528,50.00,2022-08-18 17:06:33,179657
1511,529,50.00,2022-01-05 18:40:20,115436
1579,532,40.00,2022-02-19 13:03:26,127346
1539,533,94.16,2022-01-21 17:20:04,119430
1609,533,69.00,2022-03-18 18:55:49,135402
1633,533,36.84,2022-04-08 19:33:23,141793
1701,534,25.00,2022-06-16 12:29:14,161421
1495,535,19.26,2021-12-22 18:41:52,113077
1984,537,10.00,2023-04-19 12:17:32,253264
1818,539,10.00,2022-12-09 12:13:11,211692
2155,540,10.00,2023-12-13 12:04:24,327883
1605,541,10.00,2022-03-15 16:13:12,134030
1490,544,22.04,2021-12-15 13:55:29,110884
1496,545,25.00,2021-12-22 18:45:10,113059
1493,546,100.00,2021-12-18 12:25:22,NULL
1528,547,17.66,2022-01-14 21:05:53,117965
1536,547,17.66,2022-01-19 19:47:19,118929
1547,547,24.08,2022-01-25 20:50:22,120384
1548,547,6.42,2022-01-25 21:11:25,120395
1559,547,23.01,2022-02-08 20:44:41,123939
1589,547,11.17,2022-03-01 20:47:47,130251
1637,548,22.06,2022-04-13 13:24:17,143038
1638,548,-22.06,2022-04-13 13:29:38,NULL
1730,549,25.00,2022-07-30 19:17:48,174431
1512,550,25.00,2022-01-05 19:20:33,115427
1591,551,23.54,2022-03-03 18:23:49,130782
1696,551,1.07,2022-06-08 12:59:41,159099
1529,552,25.00,2022-01-15 16:45:47,118229
1641,553,25.00,2022-04-19 20:25:10,145092
1537,554,34.00,2022-01-20 12:45:43,118987
1619,555,50.00,2022-03-29 19:56:09,138589
1620,556,26.51,2022-03-29 19:56:40,138589
1768,556,23.49,2022-10-05 19:46:22,NULL
1771,556,-25.00,2022-10-05 19:50:53,NULL
1773,556,22.76,2022-10-05 19:51:36,193435
1769,557,50.00,2022-10-05 19:47:54,NULL
1770,557,-50.00,2022-10-05 19:50:41,NULL
1772,557,50.00,2022-10-05 19:51:16,193435
2001,558,44.08,2023-05-09 20:19:52,260136
1555,560,40.00,2022-02-03 20:18:53,122710
1508,561,30.50,2022-01-05 17:02:19,115362
1523,561,36.92,2022-01-13 17:14:16,117388
1534,561,32.58,2022-01-19 16:29:01,118842
1516,562,40.00,2022-01-06 20:17:26,115747
1765,563,35.00,2022-09-24 13:21:08,190730
1599,565,92.56,2022-03-10 17:06:19,132654
1621,566,35.00,2022-03-29 20:09:21,138651
1497,567,50.00,2021-12-22 20:21:56,113163
1593,568,54.57,2022-03-03 19:29:20,130843
1702,568,45.43,2022-06-17 19:01:03,162021
2071,570,18.81,2023-08-04 12:06:20,287889
2122,570,1.19,2023-10-20 11:25:18,311661
1549,571,23.54,2022-01-28 19:47:15,121247
1590,571,16.46,2022-03-02 18:31:55,130484
1535,572,50.00,2022-01-19 16:57:18,118820
1498,574,25.00,2021-12-29 16:26:55,114232
1499,575,10.31,2021-12-29 16:27:30,114232
1500,576,25.00,2021-12-29 18:16:51,114281
1554,577,50.00,2022-02-03 19:02:35,122645
1503,578,40.00,2022-01-04 15:51:37,115014
1505,579,20.87,2022-01-04 19:47:49,115161
1646,579,19.13,2022-04-27 18:01:42,147806
1506,580,22.47,2022-01-04 19:49:52,115164
1507,581,25.00,2022-01-05 14:07:09,115289
1509,582,40.00,2022-01-05 17:40:13,115337
1510,583,25.00,2022-01-05 18:00:34,115384
1525,584,40.00,2022-01-13 19:47:06,117392
1526,585,25.00,2022-01-14 19:25:45,117824
1530,586,40.00,2022-01-15 17:33:07,118256
1531,587,21.40,2022-01-15 19:23:30,118361
1545,587,18.60,2022-01-22 20:10:31,120063
1532,588,50.83,2022-01-15 20:37:31,118411
1657,589,23.54,2022-05-06 12:18:09,150513
1538,590,30.00,2022-01-20 13:09:27,119014
1540,591,25.00,2022-01-21 20:15:43,119580
1541,592,18.34,2022-01-21 20:16:55,119580
1543,593,25.00,2022-01-21 20:36:03,119589
1556,594,24.08,2022-02-04 13:17:42,122852
2000,594,24.73,2023-05-09 12:47:39,259868
2060,594,1.19,2023-07-25 12:50:18,284465
1544,595,25.15,2022-01-22 17:46:03,119929
2141,595,26.37,2023-11-22 17:40:51,321961
1546,596,75.00,2022-01-25 18:25:48,120345
1552,597,25.00,2022-02-02 18:40:10,122341
1603,598,40.00,2022-03-15 11:50:17,133897
1647,599,25.00,2022-04-27 18:54:44,147852
1557,600,25.00,2022-02-04 20:04:00,123095
1558,601,40.00,2022-02-04 20:43:35,123090
1560,602,26.75,2022-02-10 21:55:54,124605
1636,602,13.25,2022-04-13 13:23:24,143038
1562,603,32.10,2022-02-11 17:26:07,124827
1586,603,7.90,2022-02-26 13:57:58,129492
1566,604,89.90,2022-02-11 19:40:22,124898
1568,605,50.00,2022-02-12 12:33:10,125184
1654,606,50.00,2022-05-03 18:56:32,149744
1592,607,30.00,2022-03-03 18:58:02,130867
1582,608,7.10,2022-02-25 18:38:36,129134
1583,609,25.00,2022-02-25 18:39:22,129134
1584,610,16.59,2022-02-25 18:39:48,129134
1587,611,23.54,2022-03-01 14:58:30,130040
1823,611,16.46,2022-12-14 12:56:04,213225
1588,612,25.68,2022-03-01 18:26:57,130132
1594,613,25.00,2022-03-03 20:44:52,130916
1597,614,50.00,2022-03-05 18:45:09,131687
1598,615,40.00,2022-03-08 17:50:29,132074
1639,616,25.00,2022-04-14 20:49:17,143680
2228,617,25.00,2024-01-30 20:28:59,343795
1600,618,8.56,2022-03-12 12:58:11,133368
1601,618,11.77,2022-03-12 13:01:24,133420
1602,619,40.00,2022-03-15 11:29:04,133894
1604,620,23.54,2022-03-15 13:34:20,133961
2021,620,13.44,2023-06-08 18:46:46,269581
1663,621,50.29,2022-05-07 17:51:51,151076
1946,621,24.71,2023-03-11 12:18:49,240623
1606,622,100.00,2022-03-16 20:46:30,134603
1608,623,25.00,2022-03-18 17:52:46,135352
1612,624,25.00,2022-03-25 13:28:04,137254
2091,624,-3.00,2023-09-05 19:02:46,NULL
1667,625,15.00,2022-05-13 18:30:35,152551
1615,626,32.10,2022-03-25 21:32:45,137631
1910,627,15.00,2023-02-14 20:53:29,231645
1665,628,50.00,2022-05-12 21:10:10,152240
1625,632,33.17,2022-04-01 14:53:11,139550
1627,633,50.00,2022-04-07 12:57:41,141142
1626,634,25.00,2022-04-01 19:26:31,139708
1629,637,25.00,2022-04-07 20:16:01,141359
1630,638,17.27,2022-04-07 20:16:31,141359
1634,639,25.00,2022-04-09 13:40:00,142160
1688,640,40.00,2022-06-01 12:07:03,157188
1640,641,25.00,2022-04-16 13:02:13,144345
1719,642,45.00,2022-07-16 19:15:39,170456
1758,643,23.54,2022-09-16 12:47:23,188248
1713,644,40.00,2022-07-08 17:42:39,167810
1642,646,19.00,2022-04-23 12:42:28,146593
1963,647,40.00,2023-03-23 13:25:59,244383
1721,648,8.19,2022-07-20 13:07:47,171018
1722,648,1.81,2022-07-20 13:09:06,171031
1720,649,10.00,2022-07-20 13:07:10,171018
1643,651,21.94,2022-04-26 13:41:58,147242
1644,652,25.00,2022-04-26 14:43:59,147280
1761,653,50.00,2022-09-17 14:33:52,188911
1687,655,20.33,2022-05-31 19:27:03,157093
1681,656,50.00,2022-05-26 20:38:58,155941
1683,657,50.00,2022-05-27 20:10:13,156317
1662,658,39.06,2022-05-07 13:28:05,150890
2065,660,50.00,2023-07-29 16:36:22,286343
1682,661,50.00,2022-05-27 12:55:51,156049
1669,662,50.00,2022-05-14 17:15:06,152892
1710,663,43.34,2022-06-30 17:56:15,165547
2011,663,56.66,2023-05-26 17:02:30,265566
1918,664,31.71,2023-02-18 18:52:15,233382
1648,665,50.00,2022-04-27 20:07:41,147878
2085,665,30.00,2023-08-26 20:43:47,295837
1650,666,19.26,2022-04-29 21:51:34,148930
1676,667,40.00,2022-05-21 20:23:34,154883
1655,668,40.00,2022-05-04 19:57:54,150083
1837,669,35.00,2022-12-22 13:02:22,215774
1660,670,50.00,2022-05-06 18:32:12,150721
1675,671,22.47,2022-05-21 13:37:26,154596
1748,671,27.53,2022-08-27 13:02:36,182659
1668,672,26.75,2022-05-14 15:06:31,152834
1919,672,23.25,2023-02-18 19:44:31,233427
1666,673,20.00,2022-05-13 16:46:41,152422
1692,674,20.00,2022-06-03 17:26:45,158030
1661,677,25.00,2022-05-06 21:26:57,150713
1749,678,25.00,2022-08-27 19:32:28,182987
1672,679,37.72,2022-05-17 19:22:04,153324
1812,679,12.28,2022-11-26 18:28:58,208581
1835,680,50.00,2022-12-21 19:32:42,215574
1670,681,28.74,2022-05-14 17:37:12,152930
1671,681,6.42,2022-05-14 18:02:42,152951
1697,681,14.84,2022-06-08 17:56:24,159209
1691,682,25.00,2022-06-03 15:46:33,157903
1673,683,50.00,2022-05-19 19:47:55,153922
1674,684,20.33,2022-05-20 20:28:19,154490
1678,684,19.67,2022-05-24 20:42:20,155285
1680,685,40.38,2022-05-25 19:16:00,155552
1890,685,26.88,2023-01-28 18:12:37,226708
1677,686,17.94,2022-05-24 19:57:30,155257
1679,687,38.52,2022-05-25 14:07:53,155441
2131,687,1.48,2023-11-08 18:50:30,317808
1690,688,53.50,2022-06-02 18:05:07,157679
1740,689,50.00,2022-08-13 14:47:03,178389
1684,691,37.99,2022-05-28 14:33:57,156516
1753,692,35.31,2022-09-10 18:55:34,187031
1783,692,14.69,2022-10-25 18:32:12,199501
1689,694,10.00,2022-06-01 18:39:28,157379
1693,696,41.73,2022-06-03 17:40:54,158022
2031,696,18.96,2023-06-17 17:30:42,272700
1694,697,51.36,2022-06-04 18:06:35,158530
1972,697,28.64,2023-04-01 18:30:59,247971
1695,698,25.00,2022-06-08 12:25:32,159045
1868,699,20.00,2023-01-10 20:38:11,220718
1983,700,36.55,2023-04-15 19:02:33,252654
1708,701,22.47,2022-06-25 13:30:35,164109
1700,702,25.00,2022-06-15 14:06:20,161156
1703,703,40.00,2022-06-17 19:48:18,162048
1704,704,47.00,2022-06-18 17:23:30,162344
1733,704,3.00,2022-08-02 18:59:35,174817
1790,705,23.54,2022-11-04 12:15:28,202114
1711,706,25.00,2022-07-01 13:29:24,165801
1718,707,50.00,2022-07-16 16:11:57,170356
2010,708,54.40,2023-05-24 20:53:28,264881
2049,708,22.36,2023-07-12 19:10:48,280219
1714,709,50.00,2022-07-09 19:06:06,168349
1810,710,25.00,2022-11-26 14:23:05,208462
1715,711,86.14,2022-07-13 17:54:58,169044
2022,712,25.00,2023-06-09 14:58:48,269828
1725,713,50.00,2022-07-21 20:01:02,171510
1933,715,20.00,2023-02-25 13:55:52,235468
1763,716,20.00,2022-09-21 16:53:23,189677
1825,717,25.00,2022-12-14 19:44:25,213447
1727,718,25.00,2022-07-26 13:12:57,172672
1728,719,54.57,2022-07-28 18:38:45,173492
1736,719,25.43,2022-08-06 16:58:34,176450
1798,719,-25.00,2022-11-15 20:03:17,NULL
1800,719,25.00,2022-11-15 20:04:01,205480
1729,720,35.31,2022-07-29 18:20:05,173949
1739,720,41.73,2022-08-12 18:39:03,178095
1792,720,22.96,2022-11-04 20:33:21,202474
1731,721,22.57,2022-08-02 15:13:11,174696
1732,722,40.00,2022-08-02 15:24:14,174728
1734,723,29.43,2022-08-03 17:25:09,175112
1735,723,8.56,2022-08-03 17:42:23,175153
1752,724,35.00,2022-09-09 20:56:10,186549
1799,724,-25.00,2022-11-15 20:03:33,NULL
1801,724,6.00,2022-11-15 20:04:24,205480
1973,724,19.00,2023-04-06 20:49:29,249224
2052,725,100.00,2023-07-15 18:36:36,281852
1738,726,40.00,2022-08-10 18:43:04,177284
1762,727,25.00,2022-09-21 16:22:30,189678
1766,728,30.50,2022-09-24 15:24:25,190837
1824,728,19.50,2022-12-14 15:38:45,213283
1744,729,50.00,2022-08-17 20:12:56,179345
1994,730,94.06,2023-04-29 16:12:00,256963
1743,731,25.00,2022-08-17 20:11:19,179369
1955,732,57.00,2023-03-15 19:04:44,241892
1956,732,43.00,2023-03-15 19:11:50,241967
1779,735,25.00,2022-10-15 18:03:08,197150
1747,736,25.00,2022-08-25 13:43:07,181890
1975,736,-25.00,2023-04-06 20:51:07,NULL
1976,736,19.96,2023-04-06 20:51:27,249224
1944,738,50.00,2023-03-07 19:23:25,238888
1754,740,15.00,2022-09-14 12:22:44,187475
1755,741,15.00,2022-09-14 12:22:58,187475
1802,742,25.00,2022-11-16 18:39:40,205758
1774,743,50.00,2022-10-06 16:32:12,193695
1757,744,17.00,2022-09-15 19:42:44,188108
2069,746,50.00,2023-08-02 17:40:47,287357
1785,747,30.00,2022-10-29 16:48:40,201032
1760,748,25.00,2022-09-17 14:15:21,188863
1775,749,17.12,2022-10-08 12:23:10,194545
1776,749,1.61,2022-10-08 12:24:41,194559
1781,749,1.27,2022-10-20 13:13:54,197924
1826,750,50.00,2022-12-17 18:32:31,214671
1764,751,40.00,2022-09-21 21:31:48,189823
1767,752,40.00,2022-09-30 18:59:59,192235
1816,753,25.00,2022-11-30 18:13:29,209216
1840,756,25.00,2022-12-22 19:05:59,215987
1777,757,25.00,2022-10-13 20:00:00,196025
1778,758,25.00,2022-10-14 13:00:23,196190
1780,759,25.00,2022-10-18 19:24:21,197498
1782,760,25.00,2022-10-20 22:02:16,198204
1881,763,25.00,2023-01-21 14:06:14,224324
1784,764,20.33,2022-10-28 12:25:58,200323
1907,764,4.67,2023-02-14 14:00:10,231428
1796,765,20.00,2022-11-08 20:18:12,203408
1788,766,40.00,2022-11-02 20:58:54,201765
1813,767,27.82,2022-11-26 19:55:56,208780
1814,767,5.35,2022-11-26 20:35:59,208811
2002,767,16.83,2023-05-11 19:07:13,260937
1921,768,22.58,2023-02-21 20:55:47,233981
1922,768,7.42,2023-02-21 20:56:20,234001
2007,770,32.25,2023-05-18 12:19:20,262917
1828,771,50.00,2022-12-17 21:12:48,214844
1797,773,40.00,2022-11-12 21:08:09,205142
2106,774,37.63,2023-09-29 16:09:22,305262
1805,775,25.00,2022-11-18 17:31:20,206417
1806,776,16.05,2022-11-18 20:27:48,206627
1923,776,8.95,2023-02-22 17:37:02,234189
1902,777,35.48,2023-02-10 15:53:11,230340
2140,777,4.52,2023-11-22 15:58:33,321917
1809,779,40.00,2022-11-25 18:15:52,208275
1906,781,39.24,2023-02-11 17:43:12,231061
2240,783,50.00,2024-02-08 17:57:11,346672
2129,785,50.00,2023-10-27 13:24:27,313936
1876,786,93.53,2023-01-18 19:01:07,223283
2051,787,61.00,2023-07-15 18:02:27,281715
2029,788,25.00,2023-06-15 16:14:04,271677
1862,789,30.00,2023-01-07 16:34:30,220013
2235,790,50.00,2024-02-03 16:48:25,345465
2166,792,20.00,2023-12-21 13:16:42,330745
2167,792,-20.00,2023-12-21 13:19:10,NULL
1850,793,22.47,2022-12-30 16:37:31,218077
1819,794,36.38,2022-12-09 13:22:06,211779
2061,798,25.00,2023-07-25 18:15:41,284607
1820,800,15.00,2022-12-10 13:56:12,212330
1856,802,50.00,2023-01-04 18:34:33,218868
1830,803,50.00,2022-12-20 21:13:49,215259
1836,804,50.00,2022-12-21 20:21:55,215657
1979,805,50.00,2023-04-12 15:32:34,250953
1832,806,50.00,2022-12-21 17:40:54,215516
1842,807,58.32,2022-12-27 18:04:34,216848
1869,807,41.68,2023-01-11 18:19:41,220939
1878,808,33.33,2023-01-19 19:19:02,223578
1905,808,6.67,2023-02-11 16:22:23,231030
1821,809,19.26,2022-12-10 19:33:24,212623
1908,809,5.74,2023-02-14 19:32:24,231623
1891,810,19.35,2023-01-31 11:23:36,227042
1935,810,19.35,2023-02-28 11:43:41,236069
2005,810,11.30,2023-05-16 12:02:49,262104
1822,814,25.00,2022-12-13 19:06:37,212990
1901,815,20.00,2023-02-10 14:57:42,230315
1855,817,25.00,2023-01-03 18:39:02,218555
1857,818,25.00,2023-01-04 18:35:02,218868
1858,820,41.39,2023-01-05 15:52:29,219102
1827,821,50.00,2022-12-17 18:41:42,214667
1884,822,25.00,2023-01-21 18:04:10,224562
2014,825,50.00,2023-05-27 20:42:31,266289
1924,826,9.33,2023-02-22 17:37:56,234189
1926,826,-9.33,2023-02-22 17:39:39,NULL
2114,826,10.00,2023-10-04 18:12:13,306687
1864,827,23.11,2023-01-07 20:19:10,220246
1894,827,23.11,2023-02-01 20:30:56,227671
1959,827,23.11,2023-03-16 18:50:00,242357
1970,827,17.74,2023-03-29 21:13:44,246599
1927,828,49.45,2023-02-23 17:35:05,234559
1995,828,50.55,2023-05-03 16:53:39,257960
1916,829,47.30,2023-02-18 17:18:31,233227
1829,830,50.00,2022-12-20 18:24:02,215073
2057,831,21.07,2023-07-21 11:23:01,283271
2058,831,3.93,2023-07-21 11:24:02,283272
1941,832,27.41,2023-03-03 18:59:50,237498
2127,833,30.00,2023-10-25 21:47:10,313450
1913,834,25.80,2023-02-17 17:09:11,232612
2236,834,24.20,2024-02-03 17:08:27,345445
1846,835,21.94,2022-12-30 12:52:08,217931
1882,836,50.00,2023-01-21 16:05:43,224489
1883,837,30.00,2023-01-21 17:57:34,224539
1841,839,25.00,2022-12-27 12:18:20,216574
1870,840,52.68,2023-01-12 18:23:50,221247
2045,840,47.32,2023-07-08 12:15:42,278920
1831,841,35.31,2022-12-21 15:28:49,215449
1886,842,50.00,2023-01-25 19:56:53,225372
2108,843,30.00,2023-09-30 12:30:45,305686
1851,844,44.94,2022-12-30 17:46:54,218119
1839,845,35.00,2022-12-22 17:14:05,NULL
1859,846,30.00,2023-01-06 19:30:42,219622
1838,847,25.00,2022-12-22 15:46:48,215879
2116,848,33.33,2023-10-06 11:46:21,307222
2130,848,16.67,2023-11-01 12:45:12,315221
1848,850,40.00,2022-12-30 15:33:15,218032
1931,852,45.00,2023-02-23 21:19:18,234708
1985,853,32.25,2023-04-19 18:23:15,253382
1860,854,47.00,2023-01-06 21:35:51,219698
1911,854,28.00,2023-02-14 21:53:24,231708
1917,855,20.00,2023-02-18 17:33:00,233329
2072,856,35.00,2023-08-04 18:53:57,288233
1887,857,29.03,2023-01-27 15:23:28,225908
1915,857,17.20,2023-02-18 15:30:13,233187
1938,857,3.77,2023-03-02 15:23:45,236908
1873,858,50.00,2023-01-14 13:47:55,222223
1940,859,60.00,2023-03-03 13:04:52,237233
1968,861,40.00,2023-03-28 18:31:41,246057
1844,862,40.00,2022-12-28 17:27:58,217283
1845,863,65.00,2022-12-28 21:03:59,217406
1952,863,10.00,2023-03-11 19:11:09,241065
1847,864,28.89,2022-12-30 15:08:50,218044
1849,865,89.88,2022-12-30 16:31:59,218083
1872,865,30.12,2023-01-13 16:14:50,221735
1852,866,40.00,2022-12-30 18:25:12,218214
1854,867,80.00,2023-01-03 15:52:52,218517
1861,868,40.00,2023-01-07 14:35:08,219925
1863,869,39.24,2023-01-07 20:07:37,220224
1867,870,25.00,2023-01-10 20:37:39,220718
1871,871,34.40,2023-01-12 19:46:46,221372
1892,872,25.00,2023-01-31 18:09:44,227257
1874,873,25.00,2023-01-14 18:48:33,222605
1875,874,34.40,2023-01-14 19:55:27,222616
1998,874,-34.40,2023-05-04 18:53:52,NULL
1999,874,28.00,2023-05-04 18:54:17,258445
1877,875,23.65,2023-01-19 19:11:45,223591
1885,875,16.35,2023-01-24 20:01:40,225021
1880,876,18.00,2023-01-20 20:22:31,224072
1889,876,19.00,2023-01-27 19:00:36,226044
1903,876,19.00,2023-02-10 19:41:00,230516
1914,876,18.00,2023-02-17 19:17:07,232655
1942,876,18.28,2023-03-03 20:11:47,237569
1960,876,7.72,2023-03-17 19:16:17,242756
1949,878,33.86,2023-03-11 18:01:16,240896
1978,878,34.40,2023-04-08 17:59:01,250199
2013,878,31.74,2023-05-27 18:14:03,266147
1888,879,40.00,2023-01-27 18:07:31,225931
1893,881,40.00,2023-01-31 18:35:51,227218
1895,882,34.40,2023-02-03 18:55:57,228328
1896,883,25.00,2023-02-04 12:54:54,228588
1898,884,50.00,2023-02-07 19:05:23,229356
1899,885,12.90,2023-02-09 18:01:51,230002
1925,885,-3.57,2023-02-22 17:39:10,NULL
1939,885,30.67,2023-03-02 20:27:35,237045
1900,886,28.00,2023-02-09 18:23:46,230004
1982,886,12.00,2023-04-15 18:31:46,252591
1936,887,30.00,2023-02-28 13:13:46,236122
1928,889,30.00,2023-02-23 18:55:24,234617
1904,890,33.86,2023-02-11 14:27:41,230892
2101,890,37.63,2023-09-16 15:56:25,301617
1909,891,25.00,2023-02-14 19:32:51,231623
1912,892,50.00,2023-02-15 14:25:03,231811
1920,893,40.00,2023-02-18 22:00:10,233616
1930,895,70.95,2023-02-23 19:33:10,234625
1934,895,29.05,2023-02-25 19:50:40,235842
1929,897,50.00,2023-02-23 19:22:52,234610
1932,898,25.00,2023-02-24 18:48:30,234993
1937,899,12.00,2023-03-01 12:55:57,236468
1948,900,40.00,2023-03-11 17:30:50,240802
1945,901,30.00,2023-03-09 19:43:33,239911
1971,902,40.31,2023-03-31 13:51:45,247133
2038,902,24.81,2023-06-27 17:43:50,275247
2077,902,34.88,2023-08-16 18:30:03,291820
1950,904,25.00,2023-03-11 18:17:00,240987
1951,905,25.00,2023-03-11 18:17:52,240987
1953,906,40.00,2023-03-14 19:28:19,241484
1965,907,87.00,2023-03-24 20:26:48,245082
2083,908,35.00,2023-08-25 20:22:38,295274
1957,909,40.00,2023-03-16 18:12:37,242289
1993,910,31.14,2023-04-29 14:19:05,256884
1962,911,39.00,2023-03-21 19:55:46,243781
1966,912,40.00,2023-03-25 13:19:26,245334
1969,914,25.80,2023-03-29 20:26:15,246540
2064,914,49.20,2023-07-28 20:42:43,286096
1989,915,33.86,2023-04-21 20:10:46,254465
2040,915,16.14,2023-06-30 20:33:51,276724
1991,916,35.00,2023-04-27 19:10:09,256144
1974,918,25.00,2023-04-06 20:50:32,249224
1977,919,96.21,2023-04-08 15:17:04,250095
1980,920,10.00,2023-04-12 18:44:49,251072
1981,920,3.00,2023-04-12 20:43:36,251214
2062,921,35.00,2023-07-26 19:22:36,285034
1986,922,25.00,2023-04-19 20:32:27,253553
1987,923,80.00,2023-04-20 18:09:56,253766
1988,924,40.00,2023-04-21 17:15:22,254151
2123,925,41.93,2023-10-20 18:24:13,311927
1990,927,14.51,2023-04-27 16:27:48,256052
2087,927,10.49,2023-08-30 19:31:38,296326
1992,928,25.00,2023-04-27 20:02:30,256196
2056,929,32.00,2023-07-20 14:33:27,282970
1996,930,23.60,2023-05-04 12:34:24,258211
1997,930,16.40,2023-05-04 12:53:54,258258
2047,932,15.00,2023-07-08 18:23:18,279168
2043,936,15.00,2023-07-05 13:54:28,277643
2004,938,15.00,2023-05-13 19:39:03,261930
2063,941,25.00,2023-07-28 17:25:31,285751
2048,943,25.00,2023-07-08 18:23:33,279168
2053,945,20.00,2023-07-18 16:44:24,282214
2034,946,20.00,2023-06-22 19:52:41,273982
2019,947,20.00,2023-06-06 20:27:27,268920
2003,949,46.23,2023-05-12 17:50:50,261284
2009,954,46.00,2023-05-24 20:33:33,264924
2111,957,30.00,2023-09-30 19:58:13,306045
2017,958,20.00,2023-06-02 15:20:21,267748
2016,959,20.00,2023-06-01 17:42:28,267315
2112,960,20.00,2023-09-30 20:00:26,306045
2020,963,25.00,2023-06-07 21:19:01,269259
2023,964,26.98,2023-06-10 13:21:50,270334
2050,965,30.00,2023-07-13 19:12:09,280627
2006,967,19.35,2023-05-17 20:20:54,262811
2098,968,39.08,2023-09-13 18:58:52,300191
2088,971,45.15,2023-08-31 12:42:52,296395
2100,971,4.85,2023-09-15 11:29:48,300757
2171,974,25.00,2023-12-23 11:43:50,331645
2024,975,25.00,2023-06-13 17:26:35,270970
2254,976,25.00,2024-02-16 18:49:37,349727
2012,977,50.00,2023-05-26 18:14:14,265600
2041,978,50.00,2023-07-01 15:39:48,276942
2015,979,24.73,2023-05-30 13:12:23,266423
2150,979,24.73,2023-12-07 13:45:46,326148
2194,979,24.73,2024-01-05 13:47:08,335844
2230,979,5.81,2024-02-01 12:56:48,344276
2193,980,21.50,2024-01-04 20:29:02,335735
2018,982,25.00,2023-06-02 18:19:11,267850
2217,984,25.00,2024-01-23 17:37:21,341294
2030,985,23.00,2023-06-16 20:12:27,272268
2026,986,25.00,2023-06-15 14:13:53,271617
2027,987,25.00,2023-06-15 14:14:40,271617
2028,988,13.96,2023-06-15 14:15:17,271617
2089,990,45.00,2023-09-01 17:55:09,296845
2119,991,28.00,2023-10-12 20:02:13,309376
2032,992,35.33,2023-06-17 17:31:33,272700
2191,992,84.67,2024-01-04 13:00:38,335422
2033,994,25.00,2023-06-22 17:33:32,273837
2036,996,40.00,2023-06-24 17:26:30,274813
2037,997,50.00,2023-06-24 17:41:06,274836
2059,999,30.00,2023-07-21 19:21:23,283624
2079,1001,40.00,2023-08-18 18:30:08,292768
2039,1002,25.00,2023-06-30 13:40:41,276261
2042,1003,18.97,2023-07-01 19:07:07,277163
2044,1005,25.00,2023-07-05 19:11:52,277911
2066,1006,50.00,2023-07-29 19:25:41,286568
2070,1011,34.40,2023-08-04 10:55:49,287882
2142,1011,5.60,2023-11-24 11:15:10,322212
2054,1012,20.00,2023-07-19 18:40:01,282707
2109,1013,25.00,2023-09-30 13:52:28,305736
2115,1014,50.00,2023-10-05 20:42:14,307130
2074,1015,50.00,2023-08-10 14:49:23,289796
2075,1015,-50.00,2023-08-10 14:52:38,NULL
2078,1015,18.28,2023-08-17 12:17:35,292069
2201,1015,10.54,2024-01-12 12:43:05,337971
2253,1015,9.84,2024-02-16 13:23:37,349451
2067,1017,20.43,2023-07-29 19:34:19,286576
2152,1018,22.03,2023-12-09 13:14:19,327044
2124,1019,31.18,2023-10-24 17:57:30,313021
2125,1019,12.90,2023-10-24 18:08:22,313026
2151,1019,5.92,2023-12-09 13:13:58,327044
2068,1020,44.08,2023-08-01 19:18:23,286994
2134,1020,5.92,2023-11-08 19:38:06,317790
2224,1021,100.00,2024-01-27 18:13:20,343299
2120,1022,25.00,2023-10-13 18:54:10,309785
2084,1023,10.00,2023-08-26 12:25:11,295432
2096,1024,36.82,2023-09-12 18:16:29,299872
2076,1026,22.90,2023-08-12 13:52:29,290809
2080,1027,12.36,2023-08-25 11:36:00,294906
2081,1027,4.30,2023-08-25 11:37:01,294920
2184,1028,30.00,2023-12-30 20:50:35,334612
2118,1034,24.19,2023-10-11 19:18:39,309073
2090,1035,25.00,2023-09-05 17:03:43,297786
2097,1036,25.00,2023-09-12 18:51:22,299860
2086,1037,24.19,2023-08-29 20:12:34,296198
2082,1038,70.09,2023-08-25 13:31:21,294938
2092,1039,38.70,2023-09-06 14:05:46,298013
2093,1040,36.71,2023-09-07 12:01:01,298261
2099,1041,10.00,2023-09-14 11:15:42,300361
2225,1045,20.00,2024-01-27 18:59:27,343212
2102,1046,1.19,2023-09-16 17:43:52,301667
2105,1047,19.67,2023-09-27 11:56:39,304445
2238,1047,19.67,2024-02-07 13:09:26,346190
2107,1048,50.00,2023-09-29 17:04:51,305289
2110,1049,41.00,2023-09-30 18:28:06,305928
2113,1051,20.00,2023-10-04 16:36:58,306654
2117,1053,48.00,2023-10-07 17:32:03,308184
2187,1055,38.70,2024-01-02 17:16:30,334849
2189,1055,11.30,2024-01-02 18:42:21,334875
2281,1056,36.01,2024-03-22 21:23:08,362407
2137,1057,26.88,2023-11-09 19:23:01,318188
2138,1057,23.12,2023-11-16 12:10:14,320011
2263,1058,30.00,2024-02-27 20:25:51,353526
2277,1059,30.00,2024-03-16 20:49:36,360694
2121,1062,40.00,2023-10-19 17:01:48,311390
2126,1063,43.00,2023-10-24 20:11:51,313083
2128,1064,44.40,2023-10-26 18:51:42,313769
2148,1064,21.50,2023-12-02 11:58:15,324771
2172,1066,50.00,2023-12-23 13:06:12,331685
2211,1067,3.23,2024-01-19 17:07:53,340258
2213,1067,15.05,2024-01-19 18:03:45,340324
2212,1068,20.00,2024-01-19 17:16:08,340260
2215,1069,29.13,2024-01-20 15:56:47,340758
2221,1069,11.45,2024-01-26 14:48:47,342320
2232,1069,9.42,2024-02-01 13:58:03,344321
2162,1070,25.00,2023-12-19 17:16:15,330046
2132,1080,36.15,2023-11-08 18:56:13,317808
2133,1080,6.45,2023-11-08 19:37:32,317846
2135,1080,7.40,2023-11-08 20:47:44,317886
2143,1084,47.30,2023-11-25 16:52:31,323093
2136,1085,25.00,2023-11-09 13:31:50,317975
2244,1091,50.00,2024-02-09 19:12:11,347334
2139,1092,25.00,2023-11-21 12:26:56,321312
2144,1093,100.00,2023-11-28 15:24:39,NULL
2180,1094,50.00,2023-12-28 19:52:44,333422
2179,1095,25.00,2023-12-28 19:52:21,333422
2178,1096,25.00,2023-12-28 19:51:59,333422
2145,1097,20.00,2023-11-30 18:20:44,324074
2146,1098,25.00,2023-11-30 19:55:02,324130
2153,1099,50.00,2023-12-09 14:18:52,327074
2147,1101,24.73,2023-12-01 20:03:14,324685
2165,1101,15.27,2023-12-20 19:18:56,330589
2256,1104,30.00,2024-02-17 20:54:30,350557
2157,1105,15.00,2023-12-14 20:36:59,328667
2245,1107,40.00,2024-02-09 19:49:31,347257
2258,1110,50.00,2024-02-22 16:54:58,351560
2154,1121,30.10,2023-12-09 16:59:45,327167
2282,1121,9.90,2024-03-23 14:25:40,362582
2223,1128,50.00,2024-01-27 15:10:44,342947
2156,1132,50.00,2023-12-14 19:42:28,328593
2164,1135,25.00,2023-12-20 18:11:15,330510
2169,1137,25.00,2023-12-22 12:45:51,331163
2188,1140,25.00,2024-01-02 18:11:19,334866
2249,1144,20.00,2024-02-14 20:28:45,348907
2174,1146,40.00,2023-12-26 20:58:48,332579
2250,1146,46.00,2024-02-14 20:53:03,348905
2265,1146,14.00,2024-02-28 20:32:25,353933
2197,1152,25.00,2024-01-06 18:59:40,336647
2186,1154,25.00,2024-01-02 14:28:08,334759
2163,1155,80.00,2023-12-19 20:25:14,330181
2241,1157,34.94,2024-02-08 18:18:33,346715
2242,1157,5.06,2024-02-08 18:21:09,346736
2207,1159,20.00,2024-01-13 12:21:50,338519
2272,1160,25.00,2024-03-06 18:09:59,356387
2271,1161,25.00,2024-03-05 12:11:02,355725
2285,1162,29.35,2024-03-27 12:25:41,363645
2267,1163,25.00,2024-03-01 16:22:26,354472
2233,1168,25.00,2024-02-01 21:03:21,344503
2209,1173,75.00,2024-01-13 18:17:24,338922
2168,1174,40.00,2023-12-21 18:45:13,330936
2222,1179,50.00,2024-01-26 19:16:21,342526
2175,1182,43.59,2023-12-27 14:02:35,332672
2234,1182,23.65,2024-02-02 12:39:42,344579
2170,1183,25.00,2023-12-23 11:16:55,331640
2260,1184,50.00,2024-02-24 16:33:43,352843
2252,1187,27.00,2024-02-15 21:01:47,349240
2183,1188,26.34,2023-12-30 15:51:43,334351
2185,1188,23.66,2024-01-02 13:45:04,334722
2173,1190,33.86,2023-12-23 17:17:08,331890
2229,1191,32.00,2024-01-31 14:13:52,343966
2247,1191,18.00,2024-02-13 13:33:30,348275
2176,1193,25.00,2023-12-27 15:57:22,332797
2283,1195,25.00,2024-03-23 18:38:19,362890
2177,1196,50.00,2023-12-28 18:32:57,333359
2181,1197,56.98,2023-12-29 11:33:05,333612
2182,1198,40.00,2023-12-29 21:23:39,334123
2190,1201,43.00,2024-01-03 16:40:43,335143
2192,1202,1.98,2024-01-04 13:03:36,335422
2196,1205,4.19,2024-01-06 15:58:01,336473
2198,1206,27.95,2024-01-09 18:00:46,336948
2227,1206,21.50,2024-01-30 19:21:21,343734
2264,1208,47.30,2024-02-28 20:06:58,353914
2255,1209,30.00,2024-02-17 19:25:41,350418
2210,1210,100.00,2024-01-18 11:37:35,339704
2237,1212,40.00,2024-02-06 19:55:32,346060
2216,1213,25.00,2024-01-20 18:06:44,340874
2220,1225,44.40,2024-01-26 12:06:59,342184
2239,1226,74.71,2024-02-07 18:39:48,346363
2288,1226,43.00,2024-03-28 18:16:50,364261
2274,1230,75.04,2024-03-09 15:24:26,357882
2231,1234,18.92,2024-02-01 12:58:45,344276
2257,1234,29.03,2024-02-22 13:37:32,351475
2248,1235,30.00,2024-02-13 15:51:06,348327
2243,1236,37.63,2024-02-08 20:55:27,346806
2284,1236,12.37,2024-03-26 20:03:16,363500
2246,1237,40.00,2024-02-10 15:33:18,347689
2273,1243,50.00,2024-03-08 18:11:18,357283
2261,1247,40.00,2024-02-24 19:28:31,353100
2287,1248,50.00,2024-03-28 16:55:22,364230
2266,1249,50.00,2024-03-01 13:20:35,354496
2270,1250,32.73,2024-03-02 12:05:12,355035
2278,1254,32.79,2024-03-20 14:39:20,361258
2276,1255,25.00,2024-03-13 14:19:36,358896
2286,1264,25.00,2024-03-27 21:15:00,363975
